Mode of Travel,Intersection Type,Zone ID,Zone Name,Zone Is Pass-Through,Zone Direction (degrees),Zone is Bi-Direction,Day Type,Day Part,Average Daily Zone Traffic (StL Volume),Avg Travel Time (sec),Avg All Travel Time (sec),Avg Trip Length (mi),Avg All Trip Length (mi),Avg Trip Speed (mph),Avg All Trip Speed (mph),Avg All Trip Circuity,Travel Time 0-10 min (percent),Travel Time 10-20 min (percent),Travel Time 20-30 min (percent),Travel Time 30-40 min (percent),Travel Time 40-50 min (percent),Travel Time 50-60 min (percent),Travel Time 60-70 min (percent),Travel Time 70-80 min (percent),Travel Time 80-90 min (percent),Travel Time 90-100 min (percent),Travel Time 100-110 min (percent),Travel Time 110-120 min (percent),Travel Time 120-130 min (percent),Travel Time 130-140 min (percent),Travel Time 140-150 min (percent),Travel Time 150+ min (percent),Trip Length 0-1 mi (percent),Trip Length 1-2 mi (percent),Trip Length 2-5 mi (percent),Trip Length 5-10 mi (percent),Trip Length 10-20 mi (percent),Trip Length 20-30 mi (percent),Trip Length 30-40 mi (percent),Trip Length 40-50 mi (percent),Trip Length 50-60 mi (percent),Trip Length 60-70 mi (percent),Trip Length 70-80 mi (percent),Trip Length 80-90 mi (percent),Trip Length 90-100 mi (percent),Trip Length 100+ mi (percent),Trip Speed 0-10 mph (percent),Trip Speed 10-20 mph (percent),Trip Speed 20-30 mph (percent),Trip Speed 30-40 mph (percent),Trip Speed 40-50 mph (percent),Trip Speed 50-60 mph (percent),Trip Speed 60-70 mph (percent),Trip Speed 70+ mph (percent),Circuity 1-2 (percent),Circuity 2-3 (percent),Circuity 3-4 (percent),Circuity 4-5 (percent),Circuity 5-6 (percent),Circuity 6+ (percent)
All Vehicles - StL All Vehicles Volume,Trip Pass-Through,N/A,Cadillac Summit Road / 128570322 / 1,yes,86,yes,0: All Days (M-Su),0: All Day (12am-12am),2437,2749,2829,16.3,16.4,18,18,3.274,0.023,0.142,0.219,0.185,0.129,0.083,0.052,0.040,0.030,0.021,0.017,0.012,0.010,0.006,0.003,0.028,0.026,0.029,0.115,0.405,0.231,0.084,0.028,0.016,0.023,0.013,0.006,0.003,0.002,0.019,0.156,0.511,0.239,0.073,0.017,0.004,0.000,0.000,0.248,0.413,0.144,0.097,0.042,0.056
All Vehicles - StL All Vehicles Volume,Trip Pass-Through,N/A,Cadillac Summit Road / 128570322 / 1,yes,86,yes,0: All Days (M-Su),1: Early AM (12am-6am),265,2340,2356,15.7,15.8,20,20,2.487,0.013,0.130,0.320,0.229,0.136,0.060,0.033,0.013,0.016,0.011,0.009,0.003,0.007,0.004,0.003,0.013,0.018,0.013,0.036,0.519,0.247,0.064,0.030,0.020,0.019,0.010,0.006,0.002,0.002,0.014,0.080,0.490,0.267,0.130,0.024,0.008,0.001,0.000,0.354,0.532,0.069,0.019,0.008,0.018
All Vehicles - StL All Vehicles Volume,Trip Pass-Through,N/A,Cadillac Summit Road / 128570322 / 1,yes,86,yes,0: All Days (M-Su),2: Peak AM (6am-10am),292,2936,3012,18.8,18.9,18,18,2.954,0.012,0.117,0.222,0.196,0.146,0.068,0.046,0.056,0.029,0.027,0.018,0.011,0.011,0.006,0.002,0.033,0.023,0.036,0.067,0.468,0.200,0.079,0.029,0.012,0.033,0.015,0.002,0.003,0.003,0.030,0.178,0.478,0.223,0.076,0.036,0.009,0.000,0.000,0.261,0.497,0.141,0.058,0.011,0.032
All Vehicles - StL All Vehicles Volume,Trip Pass-Through,N/A,Cadillac Summit Road / 128570322 / 1,yes,86,yes,0: All Days (M-Su),3: Mid-Day (10am-3pm),1208,2963,3024,17.7,17.7,17,17,3.265,0.025,0.152,0.186,0.165,0.121,0.092,0.060,0.042,0.035,0.022,0.024,0.016,0.011,0.009,0.005,0.035,0.035,0.033,0.138,0.348,0.225,0.089,0.028,0.020,0.027,0.016,0.008,0.005,0.004,0.024,0.175,0.506,0.228,0.072,0.016,0.003,0.000,0.000,0.280,0.340,0.155,0.118,0.047,0.060
All Vehicles - StL All Vehicles Volume,Trip Pass-Through,N/A,Cadillac Summit Road / 128570322 / 1,yes,86,yes,0: All Days (M-Su),4: Peak PM (3pm-7pm),510,2667,2786,14.6,15.0,17,17,3.604,0.034,0.149,0.203,0.178,0.135,0.085,0.059,0.040,0.025,0.019,0.016,0.012,0.010,0.004,0.003,0.028,0.023,0.030,0.150,0.383,0.234,0.088,0.025,0.011,0.020,0.012,0.005,0.003,0.001,0.015,0.167,0.525,0.242,0.052,0.012,0.002,0.000,0.000,0.169,0.393,0.171,0.136,0.064,0.067
All Vehicles - StL All Vehicles Volume,Trip Pass-Through,N/A,Cadillac Summit Road / 128570322 / 1,yes,86,yes,0: All Days (M-Su),5: Late PM (7pm-12am),162,2564,2674,13.4,13.8,17,17,3.887,0.008,0.121,0.254,0.207,0.128,0.085,0.032,0.052,0.042,0.029,0.008,0.006,0.006,0.005,0.001,0.016,0.010,0.028,0.085,0.469,0.245,0.087,0.030,0.011,0.014,0.010,0.004,0.000,0.001,0.006,0.140,0.557,0.246,0.048,0.006,0.003,0.000,0.000,0.155,0.519,0.139,0.057,0.042,0.088
All Vehicles - StL All Vehicles Volume,Trip Pass-Through,N/A,Cadillac Summit Road / 128570322 / 1,yes,86,yes,1: Weekday (M-Th),0: All Day (12am-12am),2114,2608,2684,14.6,14.8,17,17,3.293,0.023,0.149,0.224,0.193,0.132,0.083,0.051,0.037,0.027,0.018,0.015,0.010,0.008,0.005,0.003,0.022,0.025,0.030,0.121,0.421,0.231,0.077,0.026,0.017,0.017,0.011,0.005,0.003,0.002,0.014,0.158,0.527,0.230,0.070,0.014,0.001,0.000,0.000,0.237,0.418,0.148,0.100,0.041,0.056
All Vehicles - StL All Vehicles Volume,Trip Pass-Through,N/A,Cadillac Summit Road / 128570322 / 1,yes,86,yes,1: Weekday (M-Th),1: Early AM (12am-6am),190,2208,2233,14.0,14.2,20,20,2.421,0.008,0.128,0.317,0.249,0.149,0.047,0.033,0.018,0.016,0.011,0.005,0.003,0.005,0.002,0.002,0.007,0.018,0.013,0.036,0.526,0.249,0.059,0.034,0.026,0.015,0.011,0.003,0.002,0.000,0.008,0.090,0.494,0.257,0.131,0.023,0.005,0.000,0.000,0.357,0.533,0.067,0.015,0.010,0.018
All Vehicles - StL All Vehicles Volume,Trip Pass-Through,N/A,Cadillac Summit Road / 128570322 / 1,yes,86,yes,1: Weekday (M-Th),2: Peak AM (6am-10am),273,2728,2807,15.8,16.1,18,18,2.887,0.003,0.131,0.223,0.221,0.164,0.067,0.030,0.044,0.030,0.023,0.017,0.007,0.003,0.003,0.000,0.034,0.013,0.037,0.067,0.490,0.228,0.067,0.023,0.007,0.027,0.007,0.000,0.000,0.007,0.027,0.138,0.527,0.235,0.077,0.023,0.000,0.000,0.000,0.235,0.520,0.158,0.050,0.007,0.030
All Vehicles - StL All Vehicles Volume,Trip Pass-Through,N/A,Cadillac Summit Road / 128570322 / 1,yes,86,yes,1: Weekday (M-Th),3: Mid-Day (10am-3pm),1092,2864,2900,16.3,16.3,17,17,3.259,0.027,0.159,0.194,0.168,0.119,0.088,0.062,0.044,0.032,0.019,0.021,0.013,0.011,0.008,0.005,0.030,0.035,0.035,0.152,0.360,0.220,0.079,0.026,0.020,0.021,0.015,0.009,0.006,0.004,0.018,0.181,0.524,0.210,0.070,0.014,0.001,0.000,0.000,0.275,0.341,0.158,0.123,0.051,0.052
All Vehicles - StL All Vehicles Volume,Trip Pass-Through,N/A,Cadillac Summit Road / 128570322 / 1,yes,86,yes,1: Weekday (M-Th),4: Peak PM (3pm-7pm),425,2487,2612,12.8,13.4,17,17,3.657,0.037,0.159,0.202,0.185,0.134,0.098,0.058,0.034,0.018,0.019,0.014,0.011,0.007,0.002,0.002,0.020,0.023,0.034,0.150,0.411,0.226,0.085,0.022,0.010,0.014,0.007,0.004,0.002,0.001,0.011,0.170,0.533,0.243,0.042,0.010,0.002,0.000,0.000,0.150,0.396,0.183,0.141,0.057,0.073
All Vehicles - StL All Vehicles Volume,Trip Pass-Through,N/A,Cadillac Summit Road / 128570322 / 1,yes,86,yes,1: Weekday (M-Th),5: Late PM (7pm-12am),134,2382,2536,11.9,12.5,17,17,4.035,0.002,0.129,0.257,0.219,0.139,0.092,0.032,0.039,0.044,0.023,0.009,0.002,0.002,0.002,0.000,0.009,0.009,0.023,0.085,0.478,0.268,0.085,0.023,0.012,0.007,0.005,0.000,0.000,0.000,0.005,0.143,0.568,0.238,0.046,0.005,0.000,0.000,0.000,0.136,0.550,0.125,0.060,0.032,0.097
All Vehicles - StL All Vehicles Volume,Trip Pass-Through,N/A,Cadillac Summit Road / 128570322 / 1,yes,86,yes,2: Weekend Day (Sa-Su),0: All Day (12am-12am),3129,2999,3076,18.9,19.0,18,18,3.260,0.020,0.128,0.209,0.169,0.130,0.086,0.057,0.045,0.033,0.025,0.020,0.015,0.011,0.010,0.004,0.038,0.028,0.027,0.102,0.383,0.226,0.095,0.028,0.017,0.034,0.019,0.009,0.004,0.002,0.026,0.158,0.487,0.240,0.087,0.021,0.007,0.000,0.000,0.269,0.406,0.135,0.091,0.044,0.055
All Vehicles - StL All Vehicles Volume,Trip Pass-Through,N/A,Cadillac Summit Road / 128570322 / 1,yes,86,yes,2: Weekend Day (Sa-Su),1: Early AM (12am-6am),441,2592,2596,18.6,18.5,21,21,2.505,0.017,0.119,0.316,0.212,0.131,0.062,0.038,0.010,0.019,0.010,0.017,0.005,0.010,0.010,0.005,0.019,0.021,0.014,0.031,0.500,0.246,0.069,0.026,0.019,0.026,0.007,0.012,0.000,0.005,0.024,0.081,0.485,0.248,0.143,0.031,0.012,0.000,0.000,0.346,0.534,0.069,0.024,0.010,0.017
All Vehicles - StL All Vehicles Volume,Trip Pass-Through,N/A,Cadillac Summit Road / 128570322 / 1,yes,86,yes,2: Weekend Day (Sa-Su),2: Peak AM (6am-10am),397,3127,3204,21.5,21.6,19,19,3.089,0.019,0.126,0.218,0.145,0.137,0.065,0.073,0.073,0.019,0.034,0.019,0.019,0.015,0.004,0.000,0.034,0.034,0.042,0.061,0.445,0.172,0.088,0.031,0.023,0.046,0.015,0.004,0.008,0.000,0.031,0.225,0.424,0.210,0.080,0.046,0.015,0.000,0.000,0.290,0.473,0.145,0.050,0.011,0.031
All Vehicles - StL All Vehicles Volume,Trip Pass-Through,N/A,Cadillac Summit Road / 128570322 / 1,yes,86,yes,2: Weekend Day (Sa-Su),3: Mid-Day (10am-3pm),1443,3177,3253,20.0,20.1,18,18,3.244,0.021,0.129,0.182,0.152,0.125,0.105,0.063,0.043,0.036,0.026,0.025,0.020,0.010,0.012,0.005,0.046,0.037,0.028,0.119,0.325,0.235,0.105,0.025,0.020,0.036,0.020,0.009,0.006,0.003,0.032,0.176,0.469,0.243,0.087,0.018,0.007,0.000,0.000,0.296,0.335,0.148,0.110,0.044,0.067
All Vehicles - StL All Vehicles Volume,Trip Pass-Through,N/A,Cadillac Summit Road / 128570322 / 1,yes,86,yes,2: Weekend Day (Sa-Su),4: Peak PM (3pm-7pm),628,3003,3112,17.9,18.1,18,18,3.593,0.025,0.132,0.179,0.168,0.140,0.080,0.066,0.051,0.038,0.023,0.018,0.014,0.012,0.007,0.003,0.044,0.019,0.025,0.137,0.353,0.236,0.096,0.033,0.014,0.032,0.023,0.007,0.001,0.001,0.023,0.151,0.518,0.239,0.070,0.018,0.003,0.001,0.000,0.209,0.391,0.136,0.130,0.071,0.063
All Vehicles - StL All Vehicles Volume,Trip Pass-Through,N/A,Cadillac Summit Road / 128570322 / 1,yes,86,yes,2: Weekend Day (Sa-Su),5: Late PM (7pm-12am),221,2770,2825,14.2,14.5,16,17,3.809,0.012,0.127,0.230,0.203,0.116,0.080,0.020,0.068,0.044,0.036,0.004,0.012,0.012,0.012,0.000,0.024,0.016,0.040,0.084,0.481,0.179,0.100,0.028,0.004,0.028,0.024,0.012,0.000,0.000,0.004,0.151,0.550,0.247,0.048,0.004,0.000,0.000,0.000,0.167,0.494,0.175,0.044,0.052,0.068
All Vehicles - StL All Vehicles Volume,Trip Pass-Through,N/A,Cadillac Summit Road / 128570322 / 2,yes,117,yes,0: All Days (M-Su),0: All Day (12am-12am),2467,2785,2862,16.0,16.2,17,17,3.246,0.021,0.133,0.213,0.188,0.133,0.086,0.055,0.042,0.030,0.022,0.017,0.011,0.011,0.006,0.004,0.028,0.031,0.033,0.113,0.404,0.225,0.084,0.027,0.016,0.023,0.013,0.006,0.003,0.003,0.019,0.180,0.502,0.229,0.069,0.016,0.004,0.000,0.000,0.252,0.411,0.145,0.095,0.043,0.054
All Vehicles - StL All Vehicles Volume,Trip Pass-Through,N/A,Cadillac Summit Road / 128570322 / 2,yes,117,yes,0: All Days (M-Su),1: Early AM (12am-6am),222,2351,2369,15.3,15.4,20,20,2.503,0.012,0.129,0.309,0.230,0.146,0.057,0.035,0.016,0.017,0.011,0.009,0.003,0.007,0.004,0.002,0.013,0.021,0.013,0.039,0.513,0.250,0.062,0.030,0.019,0.018,0.011,0.006,0.002,0.001,0.015,0.095,0.484,0.266,0.124,0.023,0.007,0.001,0.000,0.348,0.531,0.074,0.018,0.013,0.016
All Vehicles - StL All Vehicles Volume,Trip Pass-Through,N/A,Cadillac Summit Road / 128570322 / 2,yes,117,yes,0: All Days (M-Su),2: Peak AM (6am-10am),260,2947,3026,17.9,18.1,17,17,2.949,0.010,0.106,0.221,0.198,0.147,0.076,0.051,0.061,0.026,0.025,0.015,0.010,0.012,0.008,0.004,0.030,0.033,0.033,0.059,0.479,0.197,0.076,0.028,0.014,0.033,0.015,0.001,0.003,0.003,0.026,0.209,0.468,0.216,0.067,0.032,0.008,0.000,0.000,0.268,0.480,0.144,0.063,0.012,0.033
All Vehicles - StL All Vehicles Volume,Trip Pass-Through,N/A,Cadillac Summit Road / 128570322 / 2,yes,117,yes,0: All Days (M-Su),3: Mid-Day (10am-3pm),1295,2993,3050,17.4,17.4,17,17,3.242,0.024,0.142,0.184,0.170,0.123,0.093,0.064,0.044,0.034,0.024,0.023,0.015,0.012,0.008,0.005,0.035,0.042,0.040,0.138,0.348,0.217,0.086,0.028,0.020,0.026,0.015,0.007,0.005,0.004,0.024,0.202,0.494,0.217,0.068,0.015,0.004,0.000,0.000,0.283,0.338,0.157,0.116,0.048,0.058
All Vehicles - StL All Vehicles Volume,Trip Pass-Through,N/A,Cadillac Summit Road / 128570322 / 2,yes,117,yes,0: All Days (M-Su),4: Peak PM (3pm-7pm),534,2703,2819,14.4,14.9,17,17,3.548,0.029,0.138,0.199,0.186,0.136,0.091,0.058,0.042,0.027,0.019,0.015,0.012,0.012,0.004,0.004,0.028,0.026,0.033,0.145,0.388,0.226,0.091,0.024,0.011,0.019,0.012,0.005,0.003,0.001,0.016,0.187,0.520,0.231,0.048,0.012,0.002,0.000,0.000,0.180,0.396,0.168,0.129,0.062,0.065
All Vehicles - StL All Vehicles Volume,Trip Pass-Through,N/A,Cadillac Summit Road / 128570322 / 2,yes,117,yes,0: All Days (M-Su),5: Late PM (7pm-12am),156,2655,2751,13.7,14.0,17,17,3.768,0.006,0.114,0.245,0.199,0.133,0.090,0.038,0.054,0.044,0.031,0.010,0.007,0.007,0.005,0.001,0.016,0.009,0.029,0.079,0.470,0.242,0.091,0.029,0.013,0.015,0.010,0.005,0.000,0.001,0.007,0.159,0.548,0.234,0.051,0.006,0.002,0.000,0.000,0.166,0.521,0.140,0.051,0.039,0.083
All Vehicles - StL All Vehicles Volume,Trip Pass-Through,N/A,Cadillac Summit Road / 128570322 / 2,yes,117,yes,1: Weekday (M-Th),0: All Day (12am-12am),2284,2647,2727,14.3,14.6,17,17,3.271,0.021,0.138,0.219,0.196,0.136,0.086,0.055,0.039,0.028,0.020,0.015,0.009,0.009,0.005,0.003,0.021,0.028,0.034,0.119,0.422,0.226,0.078,0.026,0.017,0.017,0.010,0.005,0.002,0.002,0.014,0.181,0.520,0.220,0.065,0.012,0.002,0.000,0.000,0.240,0.417,0.149,0.097,0.042,0.055
All Vehicles - StL All Vehicles Volume,Trip Pass-Through,N/A,Cadillac Summit Road / 128570322 / 2,yes,117,yes,1: Weekday (M-Th),1: Early AM (12am-6am),190,2230,2261,13.8,14.1,20,20,2.451,0.008,0.123,0.309,0.250,0.155,0.048,0.034,0.021,0.018,0.011,0.005,0.003,0.005,0.002,0.002,0.006,0.018,0.013,0.038,0.529,0.248,0.058,0.034,0.024,0.014,0.011,0.003,0.002,0.000,0.008,0.104,0.491,0.256,0.122,0.022,0.005,0.000,0.000,0.351,0.530,0.069,0.014,0.018,0.018
All Vehicles - StL All Vehicles Volume,Trip Pass-Through,N/A,Cadillac Summit Road / 128570322 / 2,yes,117,yes,1: Weekday (M-Th),2: Peak AM (6am-10am),281,2757,2862,15.2,15.7,17,17,2.929,0.003,0.114,0.219,0.218,0.163,0.071,0.043,0.055,0.028,0.022,0.012,0.006,0.009,0.006,0.000,0.031,0.018,0.034,0.055,0.498,0.231,0.065,0.025,0.009,0.028,0.009,0.000,0.000,0.006,0.022,0.166,0.514,0.234,0.068,0.018,0.000,0.000,0.000,0.237,0.499,0.160,0.055,0.012,0.037
All Vehicles - StL All Vehicles Volume,Trip Pass-Through,N/A,Cadillac Summit Road / 128570322 / 2,yes,117,yes,1: Weekday (M-Th),3: Mid-Day (10am-3pm),1228,2896,2937,15.9,16.0,16,16,3.245,0.027,0.147,0.190,0.173,0.122,0.087,0.066,0.045,0.032,0.022,0.020,0.013,0.013,0.008,0.005,0.030,0.041,0.044,0.151,0.358,0.213,0.077,0.027,0.020,0.021,0.013,0.008,0.004,0.004,0.019,0.211,0.512,0.197,0.066,0.012,0.002,0.000,0.000,0.275,0.341,0.164,0.120,0.050,0.050
All Vehicles - StL All Vehicles Volume,Trip Pass-Through,N/A,Cadillac Summit Road / 128570322 / 2,yes,117,yes,1: Weekday (M-Th),4: Peak PM (3pm-7pm),439,2510,2639,12.5,13.2,16,16,3.610,0.033,0.147,0.204,0.192,0.135,0.104,0.058,0.030,0.021,0.019,0.013,0.010,0.010,0.002,0.003,0.019,0.025,0.034,0.146,0.423,0.216,0.088,0.023,0.010,0.012,0.007,0.003,0.002,0.001,0.010,0.184,0.533,0.234,0.039,0.008,0.002,0.000,0.000,0.157,0.405,0.176,0.134,0.055,0.073
All Vehicles - StL All Vehicles Volume,Trip Pass-Through,N/A,Cadillac Summit Road / 128570322 / 2,yes,117,yes,1: Weekday (M-Th),5: Late PM (7pm-12am),147,2506,2630,12.3,12.8,17,17,3.845,0.000,0.118,0.241,0.206,0.145,0.100,0.043,0.047,0.047,0.027,0.012,0.002,0.002,0.002,0.000,0.008,0.008,0.020,0.080,0.483,0.263,0.090,0.024,0.014,0.010,0.004,0.000,0.000,0.000,0.004,0.163,0.562,0.222,0.049,0.004,0.000,0.000,0.000,0.159,0.545,0.124,0.053,0.031,0.088
All Vehicles - StL All Vehicles Volume,Trip Pass-Through,N/A,Cadillac Summit Road / 128570322 / 2,yes,117,yes,2: Weekend Day (Sa-Su),0: All Day (12am-12am),2879,3038,3106,18.7,18.8,18,18,3.234,0.019,0.122,0.203,0.174,0.132,0.087,0.059,0.048,0.033,0.024,0.020,0.015,0.012,0.009,0.004,0.039,0.035,0.031,0.099,0.382,0.220,0.095,0.027,0.017,0.033,0.019,0.008,0.004,0.003,0.027,0.181,0.474,0.234,0.083,0.021,0.007,0.000,0.000,0.275,0.399,0.138,0.090,0.045,0.053
All Vehicles - StL All Vehicles Volume,Trip Pass-Through,N/A,Cadillac Summit Road / 128570322 / 2,yes,117,yes,2: Weekend Day (Sa-Su),1: Early AM (12am-6am),292,2569,2574,17.7,17.6,20,20,2.517,0.016,0.122,0.300,0.217,0.145,0.055,0.041,0.012,0.018,0.009,0.016,0.005,0.009,0.009,0.005,0.021,0.030,0.014,0.030,0.494,0.251,0.065,0.025,0.018,0.025,0.009,0.012,0.000,0.002,0.025,0.092,0.477,0.253,0.138,0.028,0.012,0.000,0.000,0.336,0.537,0.076,0.025,0.012,0.014
All Vehicles - StL All Vehicles Volume,Trip Pass-Through,N/A,Cadillac Summit Road / 128570322 / 2,yes,117,yes,2: Weekend Day (Sa-Su),2: Peak AM (6am-10am),258,3135,3200,20.8,20.8,18,18,3.053,0.018,0.124,0.208,0.156,0.135,0.071,0.074,0.071,0.018,0.032,0.018,0.018,0.014,0.007,0.004,0.032,0.050,0.035,0.064,0.451,0.163,0.085,0.028,0.025,0.046,0.014,0.004,0.007,0.000,0.028,0.252,0.411,0.206,0.074,0.043,0.014,0.000,0.000,0.305,0.454,0.149,0.053,0.011,0.028
All Vehicles - StL All Vehicles Volume,Trip Pass-Through,N/A,Cadillac Summit Road / 128570322 / 2,yes,117,yes,2: Weekend Day (Sa-Su),3: Mid-Day (10am-3pm),1468,3217,3281,19.9,20.0,18,18,3.216,0.019,0.121,0.179,0.155,0.124,0.104,0.069,0.047,0.035,0.028,0.025,0.019,0.012,0.011,0.006,0.046,0.043,0.033,0.115,0.325,0.226,0.105,0.026,0.020,0.035,0.020,0.008,0.007,0.004,0.033,0.197,0.455,0.239,0.083,0.018,0.008,0.000,0.000,0.305,0.329,0.147,0.109,0.047,0.063
All Vehicles - StL All Vehicles Volume,Trip Pass-Through,N/A,Cadillac Summit Road / 128570322 / 2,yes,117,yes,2: Weekend Day (Sa-Su),4: Peak PM (3pm-7pm),688,3060,3157,18.0,18.2,17,17,3.546,0.023,0.123,0.175,0.174,0.141,0.086,0.061,0.056,0.040,0.020,0.018,0.014,0.014,0.006,0.004,0.045,0.026,0.031,0.133,0.350,0.229,0.098,0.031,0.013,0.031,0.022,0.006,0.001,0.003,0.026,0.182,0.501,0.228,0.065,0.019,0.004,0.001,0.000,0.223,0.377,0.141,0.124,0.072,0.063
All Vehicles - StL All Vehicles Volume,Trip Pass-Through,N/A,Cadillac Summit Road / 128570322 / 2,yes,117,yes,2: Weekend Day (Sa-Su),5: Late PM (7pm-12am),173,2885,2930,15.0,15.2,16,16,3.766,0.012,0.119,0.222,0.208,0.119,0.081,0.015,0.065,0.046,0.038,0.008,0.012,0.012,0.012,0.000,0.031,0.015,0.046,0.081,0.481,0.169,0.104,0.027,0.004,0.027,0.023,0.015,0.000,0.000,0.008,0.173,0.538,0.235,0.046,0.008,0.000,0.000,0.000,0.165,0.501,0.177,0.042,0.050,0.065
All Vehicles - StL All Vehicles Volume,Trip Pass-Through,N/A,Cadillac Summit Road / 128570329 / 1,yes,122,yes,0: All Days (M-Su),0: All Day (12am-12am),2422,2784,2863,16.0,16.2,17,17,3.251,0.020,0.133,0.213,0.188,0.133,0.087,0.055,0.042,0.031,0.022,0.017,0.011,0.011,0.006,0.004,0.027,0.032,0.033,0.112,0.406,0.224,0.083,0.028,0.016,0.023,0.013,0.006,0.003,0.002,0.019,0.181,0.504,0.227,0.068,0.016,0.004,0.000,0.000,0.251,0.412,0.145,0.095,0.043,0.054
All Vehicles - StL All Vehicles Volume,Trip Pass-Through,N/A,Cadillac Summit Road / 128570329 / 1,yes,122,yes,0: All Days (M-Su),1: Early AM (12am-6am),216,2374,2387,15.6,15.7,20,20,2.493,0.013,0.129,0.308,0.228,0.144,0.058,0.036,0.016,0.018,0.011,0.009,0.003,0.007,0.004,0.003,0.013,0.022,0.013,0.038,0.517,0.249,0.060,0.029,0.018,0.019,0.011,0.006,0.002,0.001,0.015,0.095,0.484,0.266,0.123,0.023,0.008,0.001,0.000,0.348,0.532,0.074,0.019,0.013,0.014
All Vehicles - StL All Vehicles Volume,Trip Pass-Through,N/A,Cadillac Summit Road / 128570329 / 1,yes,122,yes,0: All Days (M-Su),2: Peak AM (6am-10am),254,2943,3026,17.8,18.0,17,17,2.961,0.010,0.106,0.221,0.201,0.145,0.074,0.050,0.060,0.027,0.024,0.017,0.011,0.013,0.008,0.004,0.029,0.038,0.034,0.060,0.479,0.194,0.074,0.028,0.014,0.032,0.015,0.001,0.003,0.003,0.025,0.216,0.470,0.208,0.066,0.032,0.008,0.000,0.000,0.267,0.478,0.145,0.061,0.015,0.034
All Vehicles - StL All Vehicles Volume,Trip Pass-Through,N/A,Cadillac Summit Road / 128570329 / 1,yes,122,yes,0: All Days (M-Su),3: Mid-Day (10am-3pm),1270,2986,3046,17.3,17.4,17,17,3.249,0.024,0.140,0.182,0.171,0.124,0.094,0.065,0.044,0.035,0.024,0.023,0.015,0.012,0.008,0.005,0.034,0.042,0.040,0.136,0.350,0.218,0.086,0.028,0.019,0.026,0.015,0.007,0.005,0.004,0.024,0.203,0.494,0.216,0.068,0.014,0.005,0.000,0.000,0.282,0.339,0.156,0.118,0.047,0.058
All Vehicles - StL All Vehicles Volume,Trip Pass-Through,N/A,Cadillac Summit Road / 128570329 / 1,yes,122,yes,0: All Days (M-Su),4: Peak PM (3pm-7pm),527,2701,2822,14.4,14.9,17,17,3.549,0.027,0.138,0.202,0.187,0.136,0.092,0.056,0.041,0.027,0.019,0.016,0.012,0.012,0.004,0.004,0.027,0.027,0.032,0.144,0.390,0.225,0.091,0.024,0.012,0.019,0.011,0.005,0.003,0.001,0.016,0.188,0.524,0.227,0.047,0.012,0.002,0.000,0.000,0.181,0.394,0.169,0.129,0.062,0.065
All Vehicles - StL All Vehicles Volume,Trip Pass-Through,N/A,Cadillac Summit Road / 128570329 / 1,yes,122,yes,0: All Days (M-Su),5: Late PM (7pm-12am),155,2649,2745,13.7,14.0,17,17,3.764,0.006,0.115,0.244,0.196,0.135,0.092,0.037,0.055,0.044,0.032,0.009,0.007,0.006,0.005,0.001,0.016,0.009,0.030,0.079,0.470,0.242,0.089,0.031,0.013,0.015,0.009,0.005,0.000,0.001,0.007,0.162,0.546,0.233,0.051,0.006,0.002,0.000,0.000,0.165,0.524,0.139,0.050,0.039,0.083
All Vehicles - StL All Vehicles Volume,Trip Pass-Through,N/A,Cadillac Summit Road / 128570329 / 1,yes,122,yes,1: Weekday (M-Th),0: All Day (12am-12am),2233,2639,2721,14.2,14.5,17,17,3.275,0.020,0.137,0.219,0.195,0.136,0.088,0.056,0.039,0.029,0.019,0.015,0.009,0.009,0.005,0.003,0.021,0.029,0.034,0.118,0.425,0.226,0.077,0.026,0.016,0.017,0.010,0.005,0.002,0.002,0.013,0.183,0.521,0.218,0.065,0.011,0.002,0.000,0.000,0.239,0.418,0.149,0.098,0.041,0.055
All Vehicles - StL All Vehicles Volume,Trip Pass-Through,N/A,Cadillac Summit Road / 128570329 / 1,yes,122,yes,1: Weekday (M-Th),1: Early AM (12am-6am),183,2233,2257,13.9,14.1,20,20,2.429,0.008,0.123,0.314,0.243,0.156,0.048,0.036,0.021,0.016,0.012,0.005,0.002,0.005,0.002,0.002,0.007,0.018,0.013,0.035,0.532,0.250,0.056,0.033,0.023,0.015,0.012,0.003,0.002,0.000,0.008,0.104,0.490,0.258,0.120,0.023,0.005,0.000,0.000,0.352,0.533,0.067,0.015,0.018,0.015
All Vehicles - StL All Vehicles Volume,Trip Pass-Through,N/A,Cadillac Summit Road / 128570329 / 1,yes,122,yes,1: Weekday (M-Th),2: Peak AM (6am-10am),273,2715,2826,14.8,15.3,17,17,2.944,0.003,0.117,0.222,0.221,0.161,0.069,0.041,0.057,0.028,0.019,0.013,0.006,0.009,0.006,0.000,0.028,0.022,0.035,0.063,0.494,0.227,0.066,0.025,0.009,0.025,0.009,0.000,0.000,0.006,0.019,0.174,0.517,0.227,0.063,0.019,0.000,0.000,0.000,0.230,0.501,0.164,0.054,0.013,0.038
All Vehicles - StL All Vehicles Volume,Trip Pass-Through,N/A,Cadillac Summit Road / 128570329 / 1,yes,122,yes,1: Weekday (M-Th),3: Mid-Day (10am-3pm),1203,2884,2930,15.7,15.8,16,16,3.252,0.027,0.145,0.188,0.174,0.123,0.089,0.068,0.044,0.033,0.021,0.020,0.013,0.013,0.008,0.005,0.029,0.042,0.045,0.149,0.360,0.214,0.077,0.026,0.019,0.021,0.013,0.008,0.004,0.004,0.018,0.214,0.512,0.195,0.067,0.010,0.002,0.000,0.000,0.274,0.343,0.162,0.121,0.049,0.051
All Vehicles - StL All Vehicles Volume,Trip Pass-Through,N/A,Cadillac Summit Road / 128570329 / 1,yes,122,yes,1: Weekday (M-Th),4: Peak PM (3pm-7pm),429,2504,2636,12.5,13.1,16,16,3.609,0.030,0.146,0.207,0.194,0.136,0.106,0.056,0.030,0.020,0.018,0.015,0.011,0.009,0.002,0.002,0.018,0.025,0.033,0.144,0.425,0.215,0.088,0.024,0.011,0.012,0.006,0.004,0.002,0.000,0.011,0.185,0.537,0.229,0.039,0.008,0.002,0.000,0.000,0.158,0.405,0.176,0.135,0.054,0.072
All Vehicles - StL All Vehicles Volume,Trip Pass-Through,N/A,Cadillac Summit Road / 128570329 / 1,yes,122,yes,1: Weekday (M-Th),5: Late PM (7pm-12am),145,2507,2631,12.3,12.8,17,17,3.854,0.000,0.119,0.239,0.203,0.148,0.103,0.041,0.049,0.047,0.027,0.010,0.002,0.002,0.002,0.000,0.008,0.008,0.021,0.080,0.481,0.265,0.086,0.027,0.014,0.010,0.004,0.000,0.000,0.000,0.004,0.164,0.561,0.220,0.051,0.004,0.000,0.000,0.000,0.158,0.547,0.125,0.051,0.031,0.088
All Vehicles - StL All Vehicles Volume,Trip Pass-Through,N/A,Cadillac Summit Road / 128570329 / 1,yes,122,yes,2: Weekend Day (Sa-Su),0: All Day (12am-12am),2837,3044,3114,18.8,18.9,18,18,3.241,0.019,0.121,0.202,0.176,0.131,0.088,0.057,0.048,0.034,0.025,0.020,0.015,0.012,0.009,0.004,0.039,0.035,0.031,0.100,0.385,0.218,0.094,0.028,0.017,0.033,0.018,0.008,0.003,0.003,0.027,0.182,0.477,0.232,0.081,0.021,0.007,0.000,0.000,0.274,0.401,0.137,0.090,0.045,0.053
All Vehicles - StL All Vehicles Volume,Trip Pass-Through,N/A,Cadillac Summit Road / 128570329 / 1,yes,122,yes,2: Weekend Day (Sa-Su),1: Early AM (12am-6am),287,2650,2651,19.0,18.9,20,20,2.511,0.016,0.121,0.297,0.220,0.142,0.056,0.039,0.012,0.021,0.009,0.016,0.005,0.009,0.009,0.005,0.023,0.030,0.012,0.032,0.493,0.246,0.063,0.026,0.019,0.028,0.009,0.012,0.000,0.002,0.028,0.093,0.475,0.253,0.137,0.028,0.014,0.000,0.000,0.339,0.535,0.077,0.026,0.009,0.014
All Vehicles - StL All Vehicles Volume,Trip Pass-Through,N/A,Cadillac Summit Road / 128570329 / 1,yes,122,yes,2: Weekend Day (Sa-Su),2: Peak AM (6am-10am),253,3171,3237,20.9,20.8,18,18,3.078,0.018,0.118,0.212,0.157,0.132,0.071,0.075,0.068,0.018,0.032,0.021,0.021,0.014,0.007,0.004,0.032,0.054,0.036,0.057,0.456,0.164,0.079,0.029,0.025,0.046,0.014,0.004,0.007,0.000,0.029,0.257,0.418,0.193,0.075,0.043,0.014,0.000,0.000,0.304,0.449,0.146,0.054,0.018,0.029
All Vehicles - StL All Vehicles Volume,Trip Pass-Through,N/A,Cadillac Summit Road / 128570329 / 1,yes,122,yes,2: Weekend Day (Sa-Su),3: Mid-Day (10am-3pm),1443,3207,3272,19.8,19.9,18,18,3.221,0.019,0.120,0.179,0.158,0.124,0.106,0.068,0.047,0.035,0.028,0.024,0.019,0.011,0.011,0.006,0.045,0.043,0.033,0.115,0.329,0.225,0.104,0.026,0.020,0.035,0.019,0.008,0.006,0.004,0.033,0.197,0.457,0.238,0.082,0.018,0.008,0.000,0.000,0.301,0.333,0.147,0.109,0.046,0.064
All Vehicles - StL All Vehicles Volume,Trip Pass-Through,N/A,Cadillac Summit Road / 128570329 / 1,yes,122,yes,2: Weekend Day (Sa-Su),4: Peak PM (3pm-7pm),680,3050,3154,17.9,18.1,17,17,3.562,0.023,0.125,0.175,0.175,0.139,0.086,0.059,0.056,0.040,0.020,0.019,0.014,0.014,0.006,0.004,0.045,0.027,0.029,0.135,0.352,0.229,0.097,0.031,0.011,0.031,0.022,0.006,0.001,0.003,0.026,0.184,0.502,0.226,0.064,0.019,0.004,0.001,0.000,0.223,0.377,0.139,0.125,0.072,0.064
All Vehicles - StL All Vehicles Volume,Trip Pass-Through,N/A,Cadillac Summit Road / 128570329 / 1,yes,122,yes,2: Weekend Day (Sa-Su),5: Late PM (7pm-12am),175,2859,2904,14.7,14.9,16,16,3.740,0.011,0.120,0.227,0.203,0.120,0.086,0.015,0.064,0.045,0.041,0.008,0.011,0.008,0.011,0.000,0.030,0.015,0.049,0.083,0.480,0.169,0.102,0.030,0.004,0.026,0.019,0.015,0.000,0.000,0.008,0.180,0.538,0.233,0.041,0.008,0.000,0.000,0.000,0.162,0.507,0.177,0.041,0.049,0.064
All Vehicles - StL All Vehicles Volume,Trip Pass-Through,N/A,Cadillac Summit Road / 128570329 / 2,yes,2,yes,0: All Days (M-Su),0: All Day (12am-12am),1507,2844,2914,15.2,15.4,16,16,3.181,0.012,0.093,0.229,0.199,0.143,0.097,0.065,0.045,0.029,0.019,0.014,0.009,0.011,0.005,0.005,0.025,0.038,0.039,0.100,0.418,0.226,0.087,0.027,0.014,0.014,0.011,0.006,0.001,0.002,0.017,0.219,0.536,0.176,0.053,0.010,0.006,0.000,0.000,0.239,0.429,0.150,0.090,0.041,0.051
All Vehicles - StL All Vehicles Volume,Trip Pass-Through,N/A,Cadillac Summit Road / 128570329 / 2,yes,2,yes,0: All Days (M-Su),1: Early AM (12am-6am),147,2372,2392,14.4,14.5,19,19,2.493,0.010,0.086,0.330,0.256,0.140,0.065,0.033,0.016,0.018,0.009,0.009,0.003,0.007,0.003,0.003,0.012,0.031,0.012,0.033,0.525,0.256,0.051,0.030,0.019,0.012,0.006,0.006,0.000,0.003,0.016,0.120,0.536,0.217,0.098,0.022,0.007,0.000,0.000,0.319,0.553,0.076,0.024,0.013,0.015
All Vehicles - StL All Vehicles Volume,Trip Pass-Through,N/A,Cadillac Summit Road / 128570329 / 2,yes,2,yes,0: All Days (M-Su),2: Peak AM (6am-10am),167,3092,3174,17.7,18.0,16,16,2.748,0.006,0.069,0.195,0.235,0.152,0.103,0.057,0.066,0.020,0.020,0.003,0.014,0.011,0.006,0.006,0.037,0.043,0.055,0.049,0.454,0.198,0.086,0.037,0.009,0.017,0.020,0.000,0.000,0.006,0.026,0.267,0.460,0.187,0.057,0.020,0.009,0.000,0.000,0.247,0.500,0.158,0.040,0.023,0.032
All Vehicles - StL All Vehicles Volume,Trip Pass-Through,N/A,Cadillac Summit Road / 128570329 / 2,yes,2,yes,0: All Days (M-Su),3: Mid-Day (10am-3pm),774,3067,3139,16.3,16.4,15,15,3.311,0.013,0.096,0.205,0.173,0.130,0.105,0.077,0.052,0.034,0.024,0.021,0.012,0.016,0.008,0.004,0.030,0.046,0.051,0.124,0.359,0.220,0.096,0.030,0.016,0.014,0.013,0.006,0.002,0.002,0.021,0.244,0.537,0.159,0.047,0.006,0.007,0.000,0.000,0.252,0.341,0.171,0.126,0.048,0.062
All Vehicles - StL All Vehicles Volume,Trip Pass-Through,N/A,Cadillac Summit Road / 128570329 / 2,yes,2,yes,0: All Days (M-Su),4: Peak PM (3pm-7pm),322,2781,2844,13.8,13.9,15,15,3.319,0.018,0.104,0.211,0.191,0.158,0.105,0.073,0.038,0.024,0.013,0.010,0.009,0.010,0.004,0.008,0.024,0.034,0.040,0.128,0.429,0.213,0.084,0.017,0.009,0.016,0.009,0.006,0.002,0.000,0.013,0.243,0.543,0.170,0.032,0.007,0.004,0.001,0.000,0.184,0.439,0.160,0.104,0.056,0.057
All Vehicles - StL All Vehicles Volume,Trip Pass-Through,N/A,Cadillac Summit Road / 128570329 / 2,yes,2,yes,0: All Days (M-Su),5: Late PM (7pm-12am),97,2745,2828,13.9,14.1,16,16,3.794,0.000,0.084,0.227,0.207,0.154,0.091,0.053,0.065,0.050,0.031,0.010,0.007,0.002,0.002,0.000,0.017,0.019,0.026,0.084,0.428,0.257,0.118,0.026,0.010,0.005,0.010,0.010,0.000,0.000,0.007,0.180,0.568,0.190,0.055,0.002,0.005,0.000,0.000,0.188,0.492,0.149,0.058,0.038,0.075
All Vehicles - StL All Vehicles Volume,Trip Pass-Through,N/A,Cadillac Summit Road / 128570329 / 2,yes,2,yes,1: Weekday (M-Th),0: All Day (12am-12am),1282,2707,2786,13.5,13.8,15,15,3.253,0.016,0.090,0.238,0.201,0.147,0.096,0.068,0.041,0.028,0.020,0.012,0.006,0.009,0.004,0.002,0.022,0.038,0.041,0.105,0.431,0.227,0.080,0.026,0.015,0.011,0.006,0.004,0.001,0.002,0.013,0.223,0.549,0.165,0.052,0.007,0.004,0.000,0.000,0.220,0.438,0.151,0.099,0.043,0.049
All Vehicles - StL All Vehicles Volume,Trip Pass-Through,N/A,Cadillac Summit Road / 128570329 / 2,yes,2,yes,1: Weekday (M-Th),1: Early AM (12am-6am),130,2216,2248,12.9,13.2,19,19,2.439,0.008,0.081,0.327,0.258,0.165,0.064,0.034,0.017,0.020,0.011,0.000,0.000,0.006,0.003,0.000,0.006,0.028,0.014,0.036,0.530,0.252,0.050,0.031,0.028,0.014,0.003,0.003,0.000,0.000,0.011,0.137,0.524,0.207,0.104,0.022,0.006,0.000,0.000,0.328,0.555,0.064,0.025,0.020,0.008
All Vehicles - StL All Vehicles Volume,Trip Pass-Through,N/A,Cadillac Summit Road / 128570329 / 2,yes,2,yes,1: Weekday (M-Th),2: Peak AM (6am-10am),179,3031,3160,16.9,17.6,16,16,2.863,0.000,0.075,0.205,0.252,0.123,0.103,0.062,0.055,0.021,0.021,0.007,0.007,0.000,0.007,0.000,0.062,0.027,0.055,0.048,0.438,0.212,0.096,0.041,0.007,0.014,0.021,0.000,0.000,0.014,0.027,0.199,0.507,0.212,0.068,0.014,0.000,0.000,0.000,0.212,0.521,0.158,0.041,0.027,0.041
All Vehicles - StL All Vehicles Volume,Trip Pass-Through,N/A,Cadillac Summit Road / 128570329 / 2,yes,2,yes,1: Weekday (M-Th),3: Mid-Day (10am-3pm),626,2980,3033,14.5,14.6,14,14,3.315,0.021,0.086,0.223,0.169,0.128,0.097,0.085,0.047,0.036,0.025,0.020,0.011,0.017,0.007,0.002,0.026,0.051,0.057,0.135,0.365,0.213,0.085,0.034,0.015,0.012,0.008,0.005,0.001,0.002,0.017,0.260,0.554,0.136,0.043,0.002,0.005,0.000,0.000,0.232,0.351,0.178,0.135,0.052,0.052
All Vehicles - StL All Vehicles Volume,Trip Pass-Through,N/A,Cadillac Summit Road / 128570329 / 2,yes,2,yes,1: Weekday (M-Th),4: Peak PM (3pm-7pm),253,2621,2717,12.4,12.7,15,15,3.512,0.025,0.107,0.214,0.195,0.165,0.118,0.065,0.032,0.012,0.016,0.007,0.007,0.007,0.002,0.005,0.023,0.032,0.042,0.126,0.455,0.225,0.072,0.007,0.009,0.009,0.004,0.005,0.002,0.000,0.012,0.239,0.564,0.160,0.028,0.005,0.004,0.000,0.000,0.153,0.442,0.170,0.119,0.053,0.063
All Vehicles - StL All Vehicles Volume,Trip Pass-Through,N/A,Cadillac Summit Road / 128570329 / 2,yes,2,yes,1: Weekday (M-Th),5: Late PM (7pm-12am),94,2541,2665,11.6,12.0,16,16,3.839,0.000,0.088,0.222,0.211,0.159,0.088,0.068,0.064,0.056,0.028,0.012,0.000,0.000,0.000,0.000,0.004,0.032,0.016,0.088,0.445,0.251,0.116,0.024,0.016,0.008,0.004,0.000,0.000,0.000,0.000,0.195,0.566,0.187,0.052,0.000,0.000,0.000,0.000,0.187,0.502,0.139,0.068,0.032,0.072
All Vehicles - StL All Vehicles Volume,Trip Pass-Through,N/A,Cadillac Summit Road / 128570329 / 2,yes,2,yes,2: Weekend Day (Sa-Su),0: All Day (12am-12am),1967,3059,3108,17.7,17.7,16,16,3.110,0.010,0.092,0.213,0.198,0.137,0.099,0.062,0.052,0.028,0.020,0.017,0.015,0.012,0.007,0.007,0.031,0.041,0.036,0.089,0.406,0.221,0.093,0.031,0.012,0.018,0.017,0.009,0.002,0.002,0.023,0.215,0.515,0.186,0.062,0.013,0.008,0.001,0.000,0.254,0.428,0.145,0.076,0.041,0.056
All Vehicles - StL All Vehicles Volume,Trip Pass-Through,N/A,Cadillac Summit Road / 128570329 / 2,yes,2,yes,2: Weekend Day (Sa-Su),1: Early AM (12am-6am),188,2670,2675,17.7,17.6,19,19,2.617,0.018,0.096,0.307,0.254,0.118,0.053,0.035,0.018,0.013,0.009,0.022,0.009,0.013,0.004,0.009,0.022,0.039,0.009,0.022,0.500,0.268,0.048,0.031,0.013,0.013,0.009,0.013,0.000,0.004,0.031,0.096,0.545,0.215,0.105,0.026,0.013,0.000,0.000,0.294,0.569,0.075,0.031,0.009,0.022
All Vehicles - StL All Vehicles Volume,Trip Pass-Through,N/A,Cadillac Summit Road / 128570329 / 2,yes,2,yes,2: Weekend Day (Sa-Su),2: Peak AM (6am-10am),169,3148,3200,18.3,18.3,15,15,2.703,0.014,0.084,0.189,0.195,0.147,0.105,0.070,0.091,0.021,0.021,0.000,0.028,0.014,0.000,0.000,0.021,0.077,0.070,0.056,0.426,0.175,0.091,0.042,0.014,0.021,0.007,0.000,0.000,0.000,0.021,0.343,0.398,0.175,0.056,0.014,0.014,0.000,0.000,0.252,0.475,0.203,0.021,0.021,0.028
All Vehicles - StL All Vehicles Volume,Trip Pass-Through,N/A,Cadillac Summit Road / 128570329 / 2,yes,2,yes,2: Weekend Day (Sa-Su),3: Mid-Day (10am-3pm),1088,3226,3305,18.6,18.8,16,16,3.203,0.007,0.090,0.187,0.179,0.133,0.117,0.077,0.057,0.026,0.026,0.018,0.015,0.013,0.011,0.007,0.037,0.038,0.035,0.108,0.364,0.229,0.104,0.026,0.016,0.018,0.020,0.007,0.005,0.004,0.026,0.229,0.517,0.178,0.060,0.009,0.007,0.000,0.000,0.271,0.335,0.172,0.108,0.046,0.068
All Vehicles - StL All Vehicles Volume,Trip Pass-Through,N/A,Cadillac Summit Road / 128570329 / 2,yes,2,yes,2: Weekend Day (Sa-Su),4: Peak PM (3pm-7pm),419,3014,3038,16.7,16.4,16,16,3.153,0.012,0.099,0.215,0.174,0.148,0.099,0.070,0.046,0.035,0.014,0.020,0.012,0.012,0.006,0.009,0.029,0.043,0.035,0.122,0.406,0.191,0.093,0.032,0.006,0.026,0.020,0.006,0.000,0.000,0.020,0.238,0.517,0.183,0.041,0.012,0.006,0.003,0.000,0.229,0.449,0.116,0.084,0.061,0.061
All Vehicles - StL All Vehicles Volume,Trip Pass-Through,N/A,Cadillac Summit Road / 128570329 / 2,yes,2,yes,2: Weekend Day (Sa-Su),5: Late PM (7pm-12am),104,3122,3127,16.5,16.5,16,16,4.031,0.000,0.079,0.175,0.246,0.149,0.105,0.009,0.061,0.061,0.035,0.009,0.018,0.009,0.009,0.000,0.035,0.000,0.061,0.070,0.403,0.237,0.132,0.035,0.000,0.000,0.018,0.035,0.000,0.000,0.009,0.158,0.587,0.193,0.053,0.009,0.000,0.000,0.000,0.175,0.456,0.175,0.053,0.053,0.088
All Vehicles - StL All Vehicles Volume,Trip Pass-Through,N/A,Cadillac Summit Road / 128570329 / 3,yes,239,yes,0: All Days (M-Su),0: All Day (12am-12am),2055,2831,2922,15.7,16.1,17,17,3.305,0.014,0.099,0.216,0.202,0.150,0.095,0.062,0.043,0.026,0.022,0.013,0.010,0.010,0.005,0.005,0.028,0.029,0.036,0.075,0.437,0.231,0.090,0.030,0.015,0.017,0.011,0.005,0.002,0.002,0.020,0.189,0.514,0.220,0.059,0.013,0.005,0.000,0.000,0.221,0.440,0.148,0.094,0.037,0.060
All Vehicles - StL All Vehicles Volume,Trip Pass-Through,N/A,Cadillac Summit Road / 128570329 / 3,yes,239,yes,0: All Days (M-Su),1: Early AM (12am-6am),144,2381,2419,13.6,13.9,18,18,2.717,0.006,0.090,0.303,0.251,0.161,0.074,0.040,0.020,0.017,0.013,0.003,0.003,0.004,0.001,0.002,0.012,0.023,0.018,0.039,0.536,0.250,0.051,0.036,0.011,0.011,0.009,0.002,0.002,0.002,0.010,0.133,0.536,0.230,0.080,0.015,0.004,0.002,0.000,0.278,0.555,0.097,0.034,0.015,0.021
All Vehicles - StL All Vehicles Volume,Trip Pass-Through,N/A,Cadillac Summit Road / 128570329 / 3,yes,239,yes,0: All Days (M-Su),2: Peak AM (6am-10am),251,2688,2792,14.2,14.6,16,16,3.195,0.015,0.088,0.244,0.227,0.158,0.076,0.053,0.048,0.019,0.011,0.014,0.008,0.008,0.005,0.003,0.023,0.038,0.034,0.065,0.513,0.210,0.066,0.017,0.011,0.017,0.010,0.001,0.000,0.003,0.015,0.230,0.525,0.184,0.047,0.010,0.004,0.000,0.000,0.189,0.502,0.164,0.076,0.017,0.052
All Vehicles - StL All Vehicles Volume,Trip Pass-Through,N/A,Cadillac Summit Road / 128570329 / 3,yes,239,yes,0: All Days (M-Su),3: Mid-Day (10am-3pm),992,2946,3037,15.9,16.3,16,16,3.429,0.015,0.099,0.199,0.187,0.147,0.102,0.072,0.044,0.028,0.023,0.017,0.011,0.010,0.007,0.006,0.033,0.031,0.046,0.090,0.408,0.229,0.095,0.027,0.015,0.015,0.010,0.006,0.002,0.003,0.023,0.201,0.525,0.209,0.050,0.010,0.005,0.000,0.000,0.213,0.371,0.162,0.136,0.048,0.070
All Vehicles - StL All Vehicles Volume,Trip Pass-Through,N/A,Cadillac Summit Road / 128570329 / 3,yes,239,yes,0: All Days (M-Su),4: Peak PM (3pm-7pm),519,2932,3034,17.1,17.5,17,17,3.327,0.017,0.109,0.195,0.197,0.140,0.098,0.065,0.042,0.025,0.024,0.012,0.014,0.015,0.006,0.007,0.034,0.030,0.035,0.082,0.414,0.223,0.098,0.031,0.016,0.020,0.014,0.007,0.003,0.002,0.025,0.184,0.496,0.236,0.060,0.018,0.006,0.000,0.000,0.219,0.438,0.146,0.092,0.042,0.063
All Vehicles - StL All Vehicles Volume,Trip Pass-Through,N/A,Cadillac Summit Road / 128570329 / 3,yes,239,yes,0: All Days (M-Su),5: Late PM (7pm-12am),149,2817,2881,15.5,15.7,17,17,3.514,0.009,0.093,0.198,0.195,0.169,0.105,0.055,0.058,0.040,0.032,0.013,0.004,0.006,0.004,0.001,0.018,0.022,0.026,0.056,0.431,0.254,0.111,0.039,0.017,0.018,0.010,0.006,0.000,0.000,0.010,0.181,0.487,0.245,0.074,0.009,0.004,0.000,0.000,0.222,0.504,0.145,0.037,0.024,0.068
All Vehicles - StL All Vehicles Volume,Trip Pass-Through,N/A,Cadillac Summit Road / 128570329 / 3,yes,239,yes,1: Weekday (M-Th),0: All Day (12am-12am),1818,2691,2793,14.1,14.6,16,16,3.312,0.017,0.099,0.215,0.210,0.154,0.095,0.066,0.039,0.025,0.021,0.013,0.009,0.009,0.004,0.003,0.021,0.028,0.038,0.082,0.450,0.231,0.085,0.027,0.015,0.015,0.007,0.005,0.001,0.002,0.014,0.193,0.528,0.211,0.058,0.007,0.003,0.000,0.000,0.209,0.445,0.153,0.096,0.036,0.061
All Vehicles - StL All Vehicles Volume,Trip Pass-Through,N/A,Cadillac Summit Road / 128570329 / 3,yes,239,yes,1: Weekday (M-Th),1: Early AM (12am-6am),123,2210,2259,11.6,12.0,18,18,2.613,0.006,0.097,0.298,0.246,0.175,0.073,0.043,0.028,0.013,0.015,0.000,0.000,0.004,0.000,0.002,0.000,0.026,0.019,0.041,0.545,0.242,0.054,0.037,0.017,0.009,0.004,0.000,0.002,0.000,0.004,0.151,0.522,0.235,0.082,0.006,0.004,0.000,0.000,0.294,0.533,0.097,0.035,0.022,0.019
All Vehicles - StL All Vehicles Volume,Trip Pass-Through,N/A,Cadillac Summit Road / 128570329 / 3,yes,239,yes,1: Weekday (M-Th),2: Peak AM (6am-10am),252,2630,2771,13.4,14.0,16,16,3.131,0.024,0.075,0.250,0.227,0.150,0.080,0.053,0.051,0.019,0.011,0.013,0.005,0.008,0.005,0.000,0.029,0.029,0.035,0.067,0.525,0.217,0.056,0.013,0.008,0.013,0.013,0.003,0.000,0.005,0.016,0.227,0.538,0.168,0.056,0.011,0.000,0.000,0.000,0.193,0.494,0.168,0.078,0.019,0.048
All Vehicles - StL All Vehicles Volume,Trip Pass-Through,N/A,Cadillac Summit Road / 128570329 / 3,yes,239,yes,1: Weekday (M-Th),3: Mid-Day (10am-3pm),875,2797,2890,14.2,14.6,15,16,3.447,0.019,0.097,0.213,0.199,0.148,0.093,0.072,0.040,0.026,0.021,0.018,0.012,0.011,0.005,0.003,0.023,0.033,0.052,0.104,0.418,0.220,0.086,0.024,0.016,0.016,0.006,0.007,0.000,0.002,0.016,0.214,0.535,0.196,0.047,0.005,0.003,0.000,0.000,0.194,0.380,0.167,0.142,0.050,0.067
All Vehicles - StL All Vehicles Volume,Trip Pass-Through,N/A,Cadillac Summit Road / 128570329 / 3,yes,239,yes,1: Weekday (M-Th),4: Peak PM (3pm-7pm),428,2770,2890,15.5,16.0,17,17,3.353,0.020,0.108,0.201,0.213,0.143,0.100,0.069,0.030,0.021,0.023,0.010,0.013,0.011,0.004,0.005,0.029,0.021,0.037,0.079,0.442,0.225,0.096,0.028,0.015,0.017,0.008,0.005,0.004,0.002,0.021,0.172,0.526,0.228,0.058,0.012,0.004,0.000,0.000,0.191,0.455,0.155,0.091,0.037,0.071
All Vehicles - StL All Vehicles Volume,Trip Pass-Through,N/A,Cadillac Summit Road / 128570329 / 3,yes,239,yes,1: Weekday (M-Th),5: Late PM (7pm-12am),140,2705,2781,13.8,14.1,17,17,3.559,0.011,0.100,0.177,0.190,0.179,0.117,0.068,0.056,0.040,0.030,0.013,0.000,0.006,0.002,0.000,0.011,0.024,0.017,0.066,0.427,0.275,0.109,0.038,0.015,0.015,0.004,0.004,0.000,0.000,0.006,0.186,0.510,0.230,0.068,0.004,0.002,0.000,0.000,0.226,0.504,0.145,0.038,0.021,0.066
All Vehicles - StL All Vehicles Volume,Trip Pass-Through,N/A,Cadillac Summit Road / 128570329 / 3,yes,239,yes,2: Weekend Day (Sa-Su),0: All Day (12am-12am),2622,3061,3135,18.3,18.5,17,17,3.351,0.010,0.094,0.213,0.196,0.138,0.098,0.060,0.049,0.026,0.022,0.015,0.012,0.011,0.009,0.007,0.040,0.031,0.033,0.065,0.431,0.223,0.092,0.031,0.013,0.020,0.019,0.007,0.003,0.003,0.029,0.182,0.502,0.225,0.064,0.019,0.007,0.001,0.000,0.236,0.431,0.142,0.096,0.037,0.058
All Vehicles - StL All Vehicles Volume,Trip Pass-Through,N/A,Cadillac Summit Road / 128570329 / 3,yes,239,yes,2: Weekend Day (Sa-Su),1: Early AM (12am-6am),194,2624,2648,17.0,17.0,19,19,2.770,0.006,0.082,0.319,0.253,0.137,0.064,0.043,0.012,0.018,0.012,0.009,0.009,0.006,0.003,0.000,0.027,0.024,0.021,0.030,0.529,0.253,0.040,0.034,0.006,0.015,0.015,0.006,0.003,0.003,0.021,0.122,0.555,0.192,0.085,0.034,0.006,0.006,0.000,0.250,0.582,0.095,0.040,0.012,0.021
All Vehicles - StL All Vehicles Volume,Trip Pass-Through,N/A,Cadillac Summit Road / 128570329 / 3,yes,239,yes,2: Weekend Day (Sa-Su),2: Peak AM (6am-10am),289,2842,2908,16.7,16.7,16,16,3.381,0.007,0.115,0.247,0.217,0.140,0.066,0.070,0.042,0.014,0.014,0.017,0.014,0.003,0.007,0.003,0.024,0.052,0.038,0.063,0.506,0.192,0.059,0.017,0.021,0.024,0.007,0.000,0.000,0.000,0.021,0.234,0.509,0.199,0.038,0.010,0.010,0.000,0.000,0.178,0.525,0.168,0.056,0.017,0.056
All Vehicles - StL All Vehicles Volume,Trip Pass-Through,N/A,Cadillac Summit Road / 128570329 / 3,yes,239,yes,2: Weekend Day (Sa-Su),3: Mid-Day (10am-3pm),1333,3243,3325,18.7,19.0,17,17,3.477,0.011,0.086,0.186,0.177,0.140,0.113,0.078,0.052,0.026,0.022,0.017,0.011,0.008,0.012,0.011,0.050,0.027,0.036,0.074,0.396,0.237,0.102,0.029,0.013,0.017,0.017,0.008,0.005,0.004,0.035,0.191,0.512,0.216,0.057,0.016,0.008,0.000,0.000,0.231,0.351,0.163,0.138,0.048,0.069
All Vehicles - StL All Vehicles Volume,Trip Pass-Through,N/A,Cadillac Summit Road / 128570329 / 3,yes,239,yes,2: Weekend Day (Sa-Su),4: Peak PM (3pm-7pm),643,3130,3217,19.4,19.6,18,18,3.338,0.013,0.106,0.188,0.184,0.129,0.105,0.057,0.057,0.029,0.024,0.013,0.017,0.021,0.008,0.008,0.041,0.034,0.029,0.079,0.398,0.210,0.101,0.039,0.014,0.025,0.026,0.008,0.001,0.003,0.033,0.181,0.471,0.248,0.068,0.024,0.008,0.000,0.000,0.267,0.410,0.120,0.099,0.046,0.058
All Vehicles - StL All Vehicles Volume,Trip Pass-Through,N/A,Cadillac Summit Road / 128570329 / 3,yes,239,yes,2: Weekend Day (Sa-Su),5: Late PM (7pm-12am),163,2985,3018,17.6,17.6,18,18,3.576,0.004,0.081,0.225,0.214,0.159,0.100,0.015,0.063,0.037,0.033,0.011,0.007,0.007,0.011,0.000,0.033,0.018,0.041,0.041,0.461,0.199,0.129,0.026,0.015,0.018,0.022,0.015,0.000,0.000,0.015,0.170,0.472,0.262,0.077,0.015,0.004,0.000,0.000,0.210,0.509,0.151,0.041,0.026,0.063
All Vehicles - StL All Vehicles Volume,Trip Pass-Through,N/A,Cadillac Summit Road / 128570329 / 4,yes,253,yes,0: All Days (M-Su),0: All Day (12am-12am),1638,2848,2947,16.4,16.7,17,17,3.401,0.018,0.101,0.211,0.196,0.150,0.095,0.063,0.042,0.025,0.024,0.014,0.010,0.010,0.006,0.005,0.030,0.023,0.040,0.057,0.442,0.240,0.094,0.030,0.015,0.016,0.012,0.006,0.002,0.002,0.021,0.170,0.505,0.243,0.062,0.015,0.005,0.000,0.000,0.197,0.456,0.150,0.099,0.033,0.065
All Vehicles - StL All Vehicles Volume,Trip Pass-Through,N/A,Cadillac Summit Road / 128570329 / 4,yes,253,yes,0: All Days (M-Su),1: Early AM (12am-6am),88,2413,2458,14.3,14.5,18,18,2.914,0.005,0.110,0.293,0.240,0.161,0.065,0.044,0.023,0.016,0.016,0.000,0.003,0.003,0.002,0.003,0.016,0.017,0.019,0.037,0.562,0.233,0.051,0.037,0.007,0.009,0.010,0.002,0.003,0.003,0.010,0.135,0.529,0.247,0.061,0.023,0.002,0.003,0.000,0.233,0.567,0.117,0.040,0.017,0.026
All Vehicles - StL All Vehicles Volume,Trip Pass-Through,N/A,Cadillac Summit Road / 128570329 / 4,yes,253,yes,0: All Days (M-Su),2: Peak AM (6am-10am),182,2654,2758,14.0,14.3,16,16,3.339,0.022,0.096,0.245,0.216,0.161,0.070,0.068,0.038,0.021,0.013,0.013,0.007,0.001,0.006,0.001,0.022,0.030,0.041,0.067,0.517,0.220,0.068,0.012,0.009,0.012,0.006,0.001,0.000,0.001,0.016,0.234,0.526,0.183,0.040,0.013,0.004,0.000,0.000,0.149,0.516,0.164,0.096,0.019,0.056
All Vehicles - StL All Vehicles Volume,Trip Pass-Through,N/A,Cadillac Summit Road / 128570329 / 4,yes,253,yes,0: All Days (M-Su),3: Mid-Day (10am-3pm),796,2885,3006,15.9,16.4,17,17,3.584,0.021,0.097,0.206,0.186,0.150,0.100,0.069,0.043,0.024,0.023,0.018,0.010,0.009,0.005,0.006,0.033,0.020,0.048,0.070,0.423,0.246,0.096,0.026,0.014,0.012,0.010,0.007,0.002,0.003,0.023,0.172,0.526,0.234,0.052,0.011,0.005,0.000,0.000,0.163,0.398,0.170,0.146,0.045,0.078
All Vehicles - StL All Vehicles Volume,Trip Pass-Through,N/A,Cadillac Summit Road / 128570329 / 4,yes,253,yes,0: All Days (M-Su),4: Peak PM (3pm-7pm),442,2995,3088,18.5,18.8,18,18,3.257,0.020,0.110,0.191,0.193,0.136,0.102,0.064,0.040,0.022,0.027,0.012,0.015,0.016,0.007,0.007,0.038,0.030,0.039,0.050,0.413,0.228,0.106,0.033,0.018,0.021,0.018,0.008,0.003,0.003,0.030,0.156,0.485,0.263,0.070,0.019,0.007,0.000,0.000,0.229,0.460,0.135,0.086,0.031,0.059
All Vehicles - StL All Vehicles Volume,Trip Pass-Through,N/A,Cadillac Summit Road / 128570329 / 4,yes,253,yes,0: All Days (M-Su),5: Late PM (7pm-12am),130,2896,2961,16.5,16.6,18,18,3.592,0.010,0.093,0.185,0.187,0.162,0.105,0.056,0.064,0.048,0.035,0.016,0.005,0.008,0.006,0.001,0.019,0.019,0.028,0.041,0.408,0.267,0.117,0.044,0.020,0.025,0.013,0.009,0.000,0.000,0.009,0.167,0.461,0.269,0.089,0.010,0.004,0.000,0.000,0.236,0.499,0.133,0.035,0.023,0.074
All Vehicles - StL All Vehicles Volume,Trip Pass-Through,N/A,Cadillac Summit Road / 128570329 / 4,yes,253,yes,1: Weekday (M-Th),0: All Day (12am-12am),1447,2710,2821,14.8,15.3,17,17,3.396,0.021,0.106,0.207,0.203,0.153,0.097,0.065,0.042,0.023,0.022,0.013,0.009,0.008,0.004,0.003,0.024,0.022,0.041,0.063,0.455,0.239,0.092,0.025,0.014,0.015,0.008,0.006,0.002,0.002,0.016,0.174,0.517,0.236,0.061,0.009,0.003,0.000,0.000,0.186,0.467,0.151,0.098,0.032,0.066
All Vehicles - StL All Vehicles Volume,Trip Pass-Through,N/A,Cadillac Summit Road / 128570329 / 4,yes,253,yes,1: Weekday (M-Th),1: Early AM (12am-6am),76,2230,2286,11.7,12.0,17,17,2.794,0.010,0.138,0.268,0.225,0.173,0.073,0.045,0.031,0.017,0.014,0.000,0.000,0.000,0.000,0.003,0.003,0.028,0.024,0.045,0.554,0.232,0.062,0.028,0.007,0.007,0.007,0.000,0.003,0.000,0.003,0.170,0.484,0.270,0.066,0.010,0.000,0.000,0.000,0.246,0.543,0.121,0.038,0.024,0.028
All Vehicles - StL All Vehicles Volume,Trip Pass-Through,N/A,Cadillac Summit Road / 128570329 / 4,yes,253,yes,1: Weekday (M-Th),2: Peak AM (6am-10am),145,2642,2764,13.4,13.8,16,16,3.212,0.028,0.089,0.236,0.212,0.158,0.079,0.063,0.051,0.022,0.006,0.016,0.006,0.003,0.003,0.000,0.028,0.022,0.035,0.060,0.568,0.199,0.057,0.009,0.006,0.013,0.006,0.003,0.000,0.003,0.019,0.244,0.524,0.165,0.054,0.013,0.000,0.000,0.000,0.165,0.505,0.168,0.095,0.016,0.051
All Vehicles - StL All Vehicles Volume,Trip Pass-Through,N/A,Cadillac Summit Road / 128570329 / 4,yes,253,yes,1: Weekday (M-Th),3: Mid-Day (10am-3pm),718,2734,2861,14.4,15.0,16,16,3.587,0.024,0.099,0.208,0.204,0.156,0.093,0.070,0.039,0.019,0.019,0.017,0.010,0.010,0.004,0.002,0.026,0.022,0.056,0.079,0.435,0.237,0.092,0.019,0.013,0.012,0.008,0.008,0.000,0.002,0.017,0.182,0.535,0.227,0.047,0.006,0.003,0.000,0.000,0.149,0.409,0.171,0.148,0.047,0.076
All Vehicles - StL All Vehicles Volume,Trip Pass-Through,N/A,Cadillac Summit Road / 128570329 / 4,yes,253,yes,1: Weekday (M-Th),4: Peak PM (3pm-7pm),388,2811,2919,16.7,17.2,18,18,3.253,0.021,0.111,0.205,0.204,0.136,0.103,0.063,0.033,0.020,0.027,0.011,0.015,0.012,0.004,0.005,0.030,0.021,0.039,0.054,0.443,0.229,0.102,0.030,0.018,0.019,0.011,0.005,0.004,0.002,0.023,0.146,0.514,0.251,0.071,0.013,0.005,0.000,0.000,0.198,0.493,0.140,0.082,0.023,0.064
All Vehicles - StL All Vehicles Volume,Trip Pass-Through,N/A,Cadillac Summit Road / 128570329 / 4,yes,253,yes,1: Weekday (M-Th),5: Late PM (7pm-12am),121,2802,2883,15.0,15.3,18,18,3.679,0.013,0.105,0.163,0.177,0.165,0.122,0.069,0.071,0.045,0.033,0.013,0.000,0.007,0.004,0.000,0.013,0.022,0.018,0.049,0.400,0.298,0.116,0.042,0.018,0.022,0.004,0.004,0.000,0.000,0.007,0.167,0.489,0.256,0.082,0.004,0.002,0.000,0.000,0.238,0.501,0.127,0.036,0.022,0.076
All Vehicles - StL All Vehicles Volume,Trip Pass-Through,N/A,Cadillac Summit Road / 128570329 / 4,yes,253,yes,2: Weekend Day (Sa-Su),0: All Day (12am-12am),2116,3083,3172,19.0,19.2,18,18,3.485,0.013,0.093,0.213,0.193,0.139,0.093,0.063,0.045,0.025,0.025,0.015,0.012,0.012,0.010,0.007,0.042,0.026,0.035,0.051,0.435,0.229,0.092,0.033,0.014,0.019,0.021,0.009,0.003,0.002,0.031,0.170,0.491,0.244,0.064,0.021,0.009,0.001,0.000,0.215,0.437,0.148,0.103,0.034,0.063
All Vehicles - StL All Vehicles Volume,Trip Pass-Through,N/A,Cadillac Summit Road / 128570329 / 4,yes,253,yes,2: Weekend Day (Sa-Su),1: Early AM (12am-6am),111,2654,2685,18.4,18.4,19,19,2.933,0.000,0.090,0.332,0.249,0.124,0.050,0.050,0.015,0.015,0.020,0.000,0.010,0.010,0.005,0.000,0.030,0.010,0.020,0.030,0.571,0.229,0.025,0.040,0.010,0.010,0.015,0.005,0.005,0.005,0.025,0.114,0.587,0.184,0.050,0.050,0.005,0.010,0.000,0.219,0.567,0.124,0.050,0.015,0.025
All Vehicles - StL All Vehicles Volume,Trip Pass-Through,N/A,Cadillac Summit Road / 128570329 / 4,yes,253,yes,2: Weekend Day (Sa-Su),2: Peak AM (6am-10am),273,2789,2874,16.2,16.3,15,16,3.575,0.012,0.113,0.257,0.210,0.144,0.054,0.089,0.027,0.012,0.023,0.012,0.012,0.000,0.012,0.000,0.023,0.047,0.051,0.074,0.462,0.241,0.054,0.012,0.016,0.016,0.008,0.000,0.000,0.000,0.019,0.233,0.522,0.198,0.023,0.012,0.012,0.000,0.000,0.140,0.534,0.163,0.074,0.027,0.062
All Vehicles - StL All Vehicles Volume,Trip Pass-Through,N/A,Cadillac Summit Road / 128570329 / 4,yes,253,yes,2: Weekend Day (Sa-Su),3: Mid-Day (10am-3pm),1013,3195,3306,18.7,19.1,17,18,3.676,0.017,0.084,0.193,0.176,0.138,0.106,0.073,0.052,0.028,0.024,0.020,0.010,0.009,0.008,0.012,0.050,0.018,0.035,0.059,0.413,0.250,0.096,0.033,0.013,0.016,0.016,0.008,0.005,0.003,0.035,0.172,0.504,0.241,0.060,0.014,0.009,0.000,0.000,0.183,0.368,0.173,0.151,0.045,0.080
All Vehicles - StL All Vehicles Volume,Trip Pass-Through,N/A,Cadillac Summit Road / 128570329 / 4,yes,253,yes,2: Weekend Day (Sa-Su),4: Peak PM (3pm-7pm),570,3230,3324,20.8,21.1,19,19,3.344,0.017,0.104,0.172,0.184,0.133,0.106,0.063,0.051,0.021,0.026,0.014,0.017,0.023,0.012,0.009,0.048,0.035,0.032,0.046,0.401,0.213,0.109,0.040,0.015,0.026,0.031,0.009,0.002,0.003,0.038,0.161,0.460,0.268,0.077,0.025,0.009,0.000,0.000,0.275,0.414,0.121,0.098,0.035,0.057
All Vehicles - StL All Vehicles Volume,Trip Pass-Through,N/A,Cadillac Summit Road / 128570329 / 4,yes,253,yes,2: Weekend Day (Sa-Su),5: Late PM (7pm-12am),148,3030,3058,18.4,18.4,18,18,3.622,0.004,0.070,0.231,0.211,0.161,0.091,0.017,0.054,0.050,0.033,0.017,0.008,0.008,0.012,0.000,0.033,0.012,0.041,0.029,0.467,0.190,0.132,0.029,0.017,0.021,0.029,0.021,0.000,0.000,0.012,0.165,0.438,0.281,0.095,0.017,0.004,0.000,0.000,0.227,0.504,0.145,0.041,0.021,0.062
All Vehicles - StL All Vehicles Volume,Trip Pass-Through,N/A,service / 128570327 / 1,yes,19,yes,0: All Days (M-Su),0: All Day (12am-12am),1436,2861,2952,16.8,17.1,18,18,3.370,0.019,0.118,0.202,0.192,0.143,0.090,0.056,0.042,0.032,0.023,0.017,0.013,0.011,0.006,0.005,0.031,0.023,0.030,0.092,0.414,0.232,0.090,0.031,0.018,0.024,0.014,0.006,0.003,0.002,0.021,0.164,0.500,0.240,0.074,0.018,0.004,0.000,0.000,0.240,0.412,0.150,0.094,0.039,0.065
All Vehicles - StL All Vehicles Volume,Trip Pass-Through,N/A,service / 128570327 / 1,yes,19,yes,0: All Days (M-Su),1: Early AM (12am-6am),123,2357,2377,15.1,15.2,20,20,2.560,0.009,0.125,0.290,0.234,0.164,0.063,0.038,0.012,0.019,0.020,0.005,0.003,0.003,0.000,0.003,0.012,0.014,0.014,0.044,0.498,0.263,0.077,0.022,0.015,0.022,0.017,0.005,0.002,0.000,0.007,0.084,0.492,0.278,0.121,0.020,0.003,0.002,0.000,0.352,0.498,0.101,0.022,0.010,0.017
All Vehicles - StL All Vehicles Volume,Trip Pass-Through,N/A,service / 128570327 / 1,yes,19,yes,0: All Days (M-Su),2: Peak AM (6am-10am),148,2829,2936,16.1,16.5,17,17,3.354,0.012,0.091,0.227,0.225,0.143,0.064,0.044,0.054,0.037,0.022,0.017,0.010,0.015,0.012,0.005,0.022,0.027,0.030,0.044,0.516,0.198,0.067,0.022,0.015,0.042,0.015,0.000,0.005,0.002,0.017,0.202,0.477,0.227,0.064,0.025,0.005,0.000,0.000,0.222,0.474,0.156,0.089,0.015,0.044
All Vehicles - StL All Vehicles Volume,Trip Pass-Through,N/A,service / 128570327 / 1,yes,19,yes,0: All Days (M-Su),3: Mid-Day (10am-3pm),592,3040,3105,18.1,18.2,17,17,3.352,0.023,0.119,0.175,0.179,0.139,0.096,0.071,0.045,0.035,0.021,0.020,0.014,0.011,0.008,0.005,0.039,0.033,0.040,0.110,0.368,0.222,0.096,0.028,0.021,0.024,0.013,0.008,0.005,0.003,0.029,0.181,0.502,0.222,0.070,0.019,0.006,0.000,0.000,0.264,0.352,0.148,0.117,0.049,0.070
All Vehicles - StL All Vehicles Volume,Trip Pass-Through,N/A,service / 128570327 / 1,yes,19,yes,0: All Days (M-Su),4: Peak PM (3pm-7pm),456,2932,3069,16.9,17.5,18,18,3.592,0.026,0.131,0.177,0.179,0.135,0.096,0.054,0.046,0.030,0.023,0.020,0.020,0.016,0.005,0.005,0.037,0.018,0.029,0.113,0.378,0.240,0.093,0.037,0.017,0.023,0.018,0.006,0.003,0.002,0.023,0.169,0.494,0.250,0.065,0.020,0.002,0.000,0.000,0.188,0.397,0.173,0.121,0.048,0.073
All Vehicles - StL All Vehicles Volume,Trip Pass-Through,N/A,service / 128570327 / 1,yes,19,yes,0: All Days (M-Su),5: Late PM (7pm-12am),117,2684,2779,14.1,14.6,17,17,3.779,0.007,0.098,0.230,0.202,0.153,0.103,0.037,0.050,0.039,0.036,0.011,0.004,0.007,0.005,0.002,0.016,0.009,0.018,0.067,0.477,0.238,0.094,0.043,0.016,0.018,0.007,0.004,0.000,0.002,0.007,0.151,0.526,0.252,0.064,0.005,0.002,0.000,0.000,0.172,0.524,0.147,0.036,0.030,0.091
All Vehicles - StL All Vehicles Volume,Trip Pass-Through,N/A,service / 128570327 / 1,yes,19,yes,1: Weekday (M-Th),0: All Day (12am-12am),1317,2676,2782,14.4,15.0,17,17,3.399,0.017,0.125,0.205,0.202,0.149,0.090,0.058,0.037,0.031,0.020,0.016,0.012,0.010,0.004,0.004,0.020,0.018,0.033,0.099,0.436,0.228,0.088,0.029,0.019,0.020,0.009,0.007,0.002,0.001,0.011,0.162,0.522,0.234,0.072,0.009,0.001,0.000,0.000,0.220,0.430,0.150,0.092,0.040,0.068
All Vehicles - StL All Vehicles Volume,Trip Pass-Through,N/A,service / 128570327 / 1,yes,19,yes,1: Weekday (M-Th),1: Early AM (12am-6am),101,2270,2280,14.1,14.2,20,20,2.481,0.003,0.125,0.307,0.230,0.195,0.049,0.038,0.010,0.010,0.017,0.003,0.000,0.003,0.000,0.003,0.007,0.010,0.017,0.045,0.529,0.244,0.080,0.024,0.014,0.014,0.014,0.003,0.003,0.000,0.003,0.091,0.509,0.265,0.118,0.014,0.003,0.000,0.000,0.369,0.496,0.080,0.017,0.010,0.028
All Vehicles - StL All Vehicles Volume,Trip Pass-Through,N/A,service / 128570327 / 1,yes,19,yes,1: Weekday (M-Th),2: Peak AM (6am-10am),151,2661,2801,13.8,14.5,16,16,3.242,0.010,0.091,0.218,0.245,0.157,0.056,0.046,0.066,0.036,0.015,0.015,0.005,0.010,0.010,0.000,0.020,0.020,0.025,0.041,0.539,0.234,0.061,0.015,0.010,0.030,0.005,0.000,0.000,0.005,0.015,0.188,0.513,0.228,0.061,0.010,0.000,0.000,0.000,0.203,0.482,0.173,0.081,0.015,0.046
All Vehicles - StL All Vehicles Volume,Trip Pass-Through,N/A,service / 128570327 / 1,yes,19,yes,1: Weekday (M-Th),3: Mid-Day (10am-3pm),529,2826,2910,15.2,15.5,16,16,3.412,0.024,0.125,0.186,0.194,0.135,0.086,0.069,0.047,0.035,0.018,0.020,0.014,0.012,0.005,0.006,0.024,0.029,0.050,0.126,0.385,0.206,0.096,0.023,0.024,0.022,0.010,0.011,0.002,0.002,0.014,0.193,0.513,0.213,0.069,0.012,0.000,0.000,0.000,0.240,0.375,0.147,0.115,0.056,0.067
All Vehicles - StL All Vehicles Volume,Trip Pass-Through,N/A,service / 128570327 / 1,yes,19,yes,1: Weekday (M-Th),4: Peak PM (3pm-7pm),429,2714,2874,14.6,15.4,17,18,3.584,0.021,0.135,0.186,0.187,0.141,0.107,0.061,0.028,0.025,0.023,0.021,0.020,0.012,0.003,0.005,0.025,0.009,0.026,0.107,0.420,0.240,0.090,0.038,0.018,0.020,0.011,0.006,0.003,0.000,0.012,0.144,0.526,0.256,0.064,0.008,0.002,0.000,0.000,0.153,0.416,0.181,0.124,0.043,0.083
All Vehicles - StL All Vehicles Volume,Trip Pass-Through,N/A,service / 128570327 / 1,yes,19,yes,1: Weekday (M-Th),5: Late PM (7pm-12am),107,2523,2627,12.4,13.0,17,17,3.921,0.000,0.126,0.209,0.201,0.168,0.123,0.042,0.036,0.045,0.026,0.006,0.003,0.006,0.003,0.000,0.006,0.006,0.010,0.078,0.492,0.256,0.084,0.039,0.013,0.013,0.003,0.003,0.000,0.000,0.003,0.152,0.550,0.233,0.065,0.000,0.000,0.000,0.000,0.172,0.536,0.146,0.029,0.023,0.094
All Vehicles - StL All Vehicles Volume,Trip Pass-Through,N/A,service / 128570327 / 1,yes,19,yes,2: Weekend Day (Sa-Su),0: All Day (12am-12am),1633,3161,3232,20.2,20.3,18,18,3.357,0.020,0.103,0.191,0.175,0.137,0.099,0.057,0.051,0.032,0.027,0.019,0.016,0.011,0.011,0.003,0.048,0.028,0.028,0.078,0.392,0.227,0.099,0.029,0.016,0.033,0.023,0.005,0.005,0.002,0.035,0.168,0.476,0.236,0.082,0.028,0.010,0.000,0.000,0.271,0.392,0.149,0.095,0.039,0.054
All Vehicles - StL All Vehicles Volume,Trip Pass-Through,N/A,service / 128570327 / 1,yes,19,yes,2: Weekend Day (Sa-Su),1: Early AM (12am-6am),164,2455,2479,16.3,16.4,20,20,2.457,0.009,0.117,0.282,0.248,0.140,0.065,0.042,0.009,0.028,0.023,0.009,0.009,0.005,0.000,0.000,0.014,0.023,0.009,0.028,0.483,0.280,0.070,0.014,0.023,0.033,0.019,0.009,0.000,0.000,0.009,0.084,0.471,0.271,0.136,0.033,0.005,0.000,0.000,0.327,0.509,0.117,0.028,0.014,0.005
All Vehicles - StL All Vehicles Volume,Trip Pass-Through,N/A,service / 128570327 / 1,yes,19,yes,2: Weekend Day (Sa-Su),2: Peak AM (6am-10am),161,3057,3107,20.3,20.2,19,19,3.656,0.014,0.111,0.227,0.181,0.132,0.076,0.063,0.035,0.021,0.028,0.021,0.021,0.014,0.014,0.007,0.035,0.021,0.035,0.035,0.526,0.160,0.056,0.014,0.021,0.069,0.021,0.000,0.014,0.000,0.028,0.208,0.438,0.222,0.069,0.049,0.014,0.000,0.000,0.243,0.472,0.160,0.076,0.014,0.035
All Vehicles - StL All Vehicles Volume,Trip Pass-Through,N/A,service / 128570327 / 1,yes,19,yes,2: Weekend Day (Sa-Su),3: Mid-Day (10am-3pm),706,3411,3447,22.4,22.2,18,18,3.294,0.020,0.103,0.164,0.144,0.147,0.116,0.074,0.047,0.032,0.023,0.021,0.015,0.011,0.015,0.005,0.063,0.042,0.032,0.088,0.338,0.240,0.101,0.026,0.015,0.029,0.018,0.006,0.009,0.003,0.053,0.186,0.483,0.210,0.080,0.024,0.017,0.000,0.000,0.302,0.323,0.147,0.124,0.042,0.062
All Vehicles - StL All Vehicles Volume,Trip Pass-Through,N/A,service / 128570327 / 1,yes,19,yes,2: Weekend Day (Sa-Su),4: Peak PM (3pm-7pm),479,3281,3397,20.5,20.9,18,18,3.683,0.029,0.106,0.152,0.172,0.130,0.097,0.051,0.073,0.042,0.024,0.020,0.024,0.018,0.009,0.002,0.051,0.015,0.029,0.110,0.344,0.227,0.117,0.040,0.015,0.029,0.033,0.004,0.002,0.002,0.033,0.174,0.469,0.247,0.075,0.031,0.004,0.000,0.000,0.242,0.364,0.154,0.115,0.057,0.068
All Vehicles - StL All Vehicles Volume,Trip Pass-Through,N/A,service / 128570327 / 1,yes,19,yes,2: Weekend Day (Sa-Su),5: Late PM (7pm-12am),124,2939,2995,16.2,16.5,17,18,3.621,0.012,0.067,0.267,0.206,0.115,0.097,0.018,0.073,0.024,0.055,0.018,0.000,0.000,0.012,0.000,0.036,0.018,0.030,0.055,0.492,0.164,0.121,0.042,0.012,0.030,0.018,0.006,0.000,0.000,0.012,0.152,0.502,0.279,0.055,0.012,0.000,0.000,0.000,0.176,0.521,0.176,0.030,0.030,0.067
