Full_Date,value,temp,temp_min,temp_max,pressure,humidity,wind_speed,wind_gust,rain_1h,snow_1h,federal_holiday_flag,school_holiday_flag
5/1/2019,208,44.22083333,26.62,58.68,1027.75,36.66666667,6.969583333,9.944444444,0,0,FALSE,FALSE
5/2/2019,229,41.8644,35.6,55.29,1024.32,78.92,3.9184,6.682727273,4.74,0,FALSE,FALSE
5/3/2019,189,43.6724,39.38,52.09,1021.96,81.84,4.0828,7.334761905,3.97,0,FALSE,FALSE
5/4/2019,599,44.64484848,39.31,63.68,1014.424242,89.54545455,2.724242424,4.378965517,10.4,0,FALSE,FALSE
5/5/2019,536,50.45625,39.61,69.19,1012.791667,76.33333333,3.331666667,5.573333333,0,0,FALSE,FALSE
5/6/2019,475,50.83458333,40.3,70.09,1016,70.58333333,4.20875,7.332857143,0,0,FALSE,FALSE
5/7/2019,246,48.8475,37.08,66.09,1018.583333,70.95833333,10.65958333,18.55444444,3.04,0,FALSE,FALSE
5/8/2019,435,47.6084,35.6,59.52,1020.52,69.2,9.5396,16.48904762,0.68,0,FALSE,FALSE
5/9/2019,399,46.06416667,30.31,64.29,1026.541667,47,7.208333333,10.58291667,0,0,FALSE,FALSE
5/10/2019,169,42.698,39.38,50.31,1023.36,81.88,4.0796,8.088181818,22.05,0,FALSE,FALSE
5/11/2019,831,49.82538462,42.19,60.42,1011.384615,76.53846154,9.809615385,16.99954545,0.75,0,FALSE,FALSE
5/12/2019,709,48.69625,30.31,64.69,1015.333333,49.125,9.458333333,13.375,0,0,FALSE,FALSE
5/13/2019,528,45.45083333,39.16,58.19,1016.375,62.75,5.29875,9.253,0,0,FALSE,FALSE
5/14/2019,266,41.14034483,35.69,47.3,1012,72.79310345,8.963793103,14.26111111,17.11,0,FALSE,FALSE
5/15/2019,424,39.6537037,35.38,46.51,1006.111111,81.44444444,8.925185185,15.17304348,3.97,0,FALSE,FALSE
5/16/2019,703,44.81583333,31.32,59.2,1009,68.04166667,5.734583333,8.436521739,0,0,FALSE,FALSE
5/17/2019,415,45.46458333,36.32,52.63,1010.541667,78.25,3.633333333,6.251,1.52,0,FALSE,FALSE
5/18/2019,1329,49.6472,43.09,62.51,1009,76.4,7.6696,11.27791667,8.89,0,FALSE,FALSE
5/19/2019,640,47.05625,39.31,55.71,1019.25,74.79166667,3.832916667,8.282142857,2.23,0,FALSE,FALSE
5/20/2019,636,48.92870968,43.9,68.2,1009.83871,83.25806452,5.08,7.478518519,14.52,0,FALSE,FALSE
5/21/2019,883,52.555,44.08,62.28,1002.035714,72.64285714,9.180357143,13.72769231,3.81,0,FALSE,FALSE
5/22/2019,873,51.44583333,42.01,63.43,1015.875,57.20833333,13.12708333,19.16583333,0,0,FALSE,FALSE
5/23/2019,652,49.13208333,35.29,69.1,1021.5,66.29166667,4.000833333,6.364090909,0.33,0,FALSE,FALSE
5/24/2019,783,47.7516129,45,57.7,1006.935484,83.96774194,6.161612903,12.08333333,17.37,0,FALSE,FALSE
5/25/2019,2288,54.22375,36.32,75.69,1018.916667,64.75,5.349166667,10.05388889,0,0,FALSE,FALSE
5/26/2019,2144,50.98259259,45.19,68.68,1012.407407,82.92592593,6.65962963,11.775,12.49,0,FALSE,FALSE
5/27/2019,1599,52.67125,43.09,71.42,1011.083333,82.41666667,3.291666667,5.277222222,0,0,TRUE,FALSE
5/28/2019,690,47.39083333,32.63,60.62,1015.083333,65.16666667,3.751666667,7,3.3,0,FALSE,FALSE
5/29/2019,640,44.217,39.99,58.19,1010.4,89.36666667,4.133666667,7.139642857,12.27,0,FALSE,FALSE
5/30/2019,797,50.62958333,44.19,64.09,1008.541667,83.70833333,4.485,9.941764706,0,0,FALSE,FALSE
5/31/2019,917,52.83038462,45.09,68.63,1005.846154,75.84615385,5.920384615,10.4008,0,0,FALSE,FALSE
6/1/2019,1051,52.77583333,38.3,68.68,1011.541667,71.45833333,3.370416667,6.553333333,0,0,FALSE,TRUE
6/2/2019,963,52.50958333,46.08,70.3,1009.75,87.29166667,4.377083333,7.347391304,0,0,FALSE,TRUE
6/3/2019,1071,54.5652,46.6,70.09,1005,79.52,5.722,9.248333333,0,0,FALSE,TRUE
6/4/2019,1173,54.255,39.29,66.69,1012.166667,57.79166667,11.58583333,16.08166667,0,0,FALSE,TRUE
6/5/2019,858,54.57083333,45.28,72.68,1010.958333,75.70833333,7.942916667,12.94833333,4.56,0,FALSE,TRUE
6/6/2019,944,55.97866667,48.15,77.2,1006.333333,85.26666667,3.675333333,6.038846154,12.8,0,FALSE,TRUE
6/7/2019,1156,59.66625,44.19,78.69,1011.583333,65.33333333,4.784166667,7.528823529,0,0,FALSE,TRUE
6/8/2019,1503,60.03,45.3,75.78,1018.041667,57.54166667,7.622083333,11.73,0,0,FALSE,TRUE
6/9/2019,1469,58.99958333,38.3,78.19,1025.541667,57.58333333,4.325416667,9.864666667,0,0,FALSE,TRUE
6/10/2019,1530,60.10166667,49.6,82.18,1022.375,64.54166667,7.2,10.70647059,0,0,FALSE,TRUE
6/11/2019,927,54.582,47.32,64.29,1012.466667,89.56666667,6.601333333,10.565,93.2,0,FALSE,TRUE
6/12/2019,2005,59.99833333,43.9,78.69,1016.041667,61.125,12.83,17.70833333,0.25,0,FALSE,TRUE
6/13/2019,737,52.9925,43.3,64.29,1018.535714,79.57142857,5.558214286,12.71833333,63.82,0,FALSE,TRUE
6/14/2019,1124,54.62,49.19,67.62,1007.310345,90.24137931,7.24,11.58724138,71.1,0,FALSE,TRUE
6/15/2019,1909,59.47416667,45.32,77.63,1013,73.875,9.164166667,14.90909091,0,0,FALSE,TRUE
6/16/2019,1123,62.48166667,55.08,75.69,1010.625,71.20833333,8.804583333,13.41294118,0.6,0,FALSE,TRUE
6/17/2019,1825,63.90958333,52.16,77.79,1011.291667,69.25,7.57875,11.61761905,0,0,FALSE,TRUE
6/18/2019,1517,60.42541667,45.3,77.31,1015.208333,69.04166667,2.624583333,4.857142857,0,0,FALSE,TRUE
6/19/2019,1642,59.57,52,76.19,1012.083333,83.25,3.516666667,5.635454545,0,0,FALSE,TRUE
6/20/2019,899,54.84793103,51.15,62.1,1007.482759,92.55172414,4.655862069,7.275172414,25.14,0,FALSE,TRUE
6/21/2019,1136,57.04066667,50.09,65.19,998.4,93.56666667,5.467666667,8.466,147.79,0,FALSE,TRUE
6/22/2019,2502,62.9388,50.61,76.28,1002.68,71.04,9.1608,13,0.71,0,FALSE,TRUE
6/23/2019,1892,65.8436,49.62,81.79,1005.36,58.24,11.0692,19.1955,8.62,0,FALSE,TRUE
6/24/2019,2216,61.14625,43.32,77.79,1008.583333,65.79166667,5.626666667,9.597,1.27,0,FALSE,TRUE
6/25/2019,1662,57.58208333,41.31,75.29,1014.875,67.25,4.09125,8.798,0,0,FALSE,TRUE
6/26/2019,1261,55.07771429,52.2,59.72,1017.342857,90.8,5.543428571,9.481515152,48.93,0,FALSE,TRUE
6/27/2019,1549,57.13592593,52,67.78,1019.481481,92.40740741,2.705185185,4.3992,1.5,0,FALSE,TRUE
6/28/2019,2152,61.6975,50.9,83.68,1019.333333,82.625,4.180416667,6.048421053,0,0,FALSE,TRUE
6/29/2019,1494,58.19,50.49,72.43,1014.583333,82.54166667,0,,1,0,FALSE,TRUE
6/30/2019,1370,57.14821429,51.51,65.71,1006.142857,95.25,0.428928571,9.005,31.15,0,FALSE,TRUE
7/1/2019,2452,64.25166667,53.6,78.71,1007.958333,74.25,8.665416667,13,1.03,0,FALSE,TRUE
7/2/2019,2080,63.54074074,55.29,85.68,1006.962963,79.11111111,3.815555556,7.234285714,7.13,0,FALSE,TRUE
7/3/2019,2324,63.57875,52.32,81.72,1009.083333,85.16666667,4.2525,7.947368421,0,0,FALSE,TRUE
7/4/2019,1907,68.60125,50.63,91.69,1015.875,71.79166667,3.632916667,5.6515,0,0,TRUE,TRUE
7/5/2019,2506,72.43083333,57.07,93.69,1019.041667,64.95833333,5.760416667,9.903,0,0,FALSE,TRUE
7/6/2019,2336,69.90769231,58.19,89.69,1011.192308,81.80769231,5.549230769,7.301,18.06,0,FALSE,TRUE
7/7/2019,2098,66.9975,54.3,79.43,1011.083333,68.95833333,7.415833333,10.41791667,0.41,0,FALSE,TRUE
7/8/2019,1892,66.40083333,47.3,84.69,1013.583333,61.83333333,4.6675,8.2495,0,0,FALSE,TRUE
7/9/2019,1628,68.57583333,53.35,83.68,1012.666667,61.16666667,5.70125,13.8325,0,0,FALSE,TRUE
7/10/2019,1847,67.17041667,51.3,83.71,1015.5,61.04166667,3.571666667,7.688125,0,0,FALSE,TRUE
7/11/2019,1621,60.8,49.3,72.72,1017.125,73.41666667,3.763333333,6.4985,0,0,FALSE,TRUE
7/12/2019,849,60.465,56.19,68.72,1009.642857,92.42857143,7.425357143,12.81851852,14.64,0,FALSE,TRUE
7/13/2019,2126,66.02923077,56.08,84.7,1008.884615,86.38461538,3.454615385,6.629473684,0.5,0,FALSE,TRUE
7/14/2019,1888,67.96692308,57.18,84.69,1009.384615,80.96153846,4.262307692,10.57142857,7.37,0,FALSE,TRUE
7/15/2019,2047,68.7925,54.79,81.79,1011.708333,66.91666667,9.7925,13.54416667,0,0,FALSE,TRUE
7/16/2019,1974,70.50291667,54.3,84.69,1015.5,64.75,6.297083333,9.474736842,0,0,FALSE,TRUE
7/17/2019,1627,68.2404,60.1,80.69,1011.4,82.88,5.478,6.625625,3.15,0,FALSE,TRUE
7/18/2019,1953,67.38384615,56.3,81.72,1014.153846,74.73076923,4.064615385,5.68,5.41,0,FALSE,TRUE
7/19/2019,1680,62.68958333,48.29,80.69,1011.416667,72.95833333,3.137916667,7.428571429,0,0,FALSE,TRUE
7/20/2019,1913,73.83333333,59.09,95.68,1006.208333,76.79166667,6.2825,13.25,0,0,FALSE,TRUE
7/21/2019,1856,75.32291667,62.15,90.68,1003.666667,78.79166667,6.7925,11.23230769,0.51,0,FALSE,TRUE
7/22/2019,1790,70.07625,59.09,82.69,1010.166667,75.625,3.565833333,5.443333333,0.71,0,FALSE,TRUE
7/23/2019,1548,63.01375,56.68,75.69,1010.5,83.125,3.090416667,4.135,10.86,0,FALSE,TRUE
7/24/2019,2120,66.05291667,56.08,80.71,1012.625,76.83333333,3.619583333,5.459230769,0.97,0,FALSE,TRUE
7/25/2019,1986,65.77541667,52.3,81.3,1017.125,70.83333333,4.145833333,6.471578947,0,0,FALSE,TRUE
7/26/2019,1898,66.82125,50.32,83.08,1023.166667,73.08333333,3.431666667,7.331333333,0,0,FALSE,TRUE
7/27/2019,1929,67.96625,56.62,82.09,1025.083333,75.79166667,4.0125,5.63,0,0,FALSE,TRUE
7/28/2019,1945,66.02833333,55.27,82.09,1018.958333,81.79166667,5.23625,8.3505,0,0,FALSE,TRUE
7/29/2019,1995,70.62708333,58.19,89.69,1013.166667,81.29166667,4.984583333,7.723333333,0,0,FALSE,TRUE
7/30/2019,2034,72.18333333,58.32,91.69,1014.333333,77.83333333,4.197083333,7.214285714,0,0,FALSE,TRUE
7/31/2019,1744,70.76416667,57.94,89.69,1014.833333,83.25,4.9325,7.722222222,0,0,FALSE,TRUE
8/1/2019,1840,73.35791667,62.6,85.3,1015.416667,72.625,5.359583333,6.778888889,0,0,FALSE,TRUE
8/2/2019,2002,69.88125,50.31,87.69,1018.208333,62.41666667,5.01625,7.835555556,0,0,FALSE,TRUE
8/3/2019,1986,68.18375,52.3,85.78,1015.541667,71.91666667,7.210833333,14.998,0,0,FALSE,TRUE
8/4/2019,1953,68.47875,58.78,80.78,1011.083333,72.375,4.620833333,1.324615385,0,0,FALSE,TRUE
8/5/2019,2244,64.845,47.61,80.69,1013.375,58.54166667,7.16625,0.608695652,0,0,FALSE,TRUE
8/6/2019,2368,65.01916667,51.3,81.09,1014.125,76.375,6.599583333,1,0,0,FALSE,TRUE
8/7/2019,1549,64.09916667,57.4,76.3,1012.25,84.66666667,4.637083333,0.618571429,0.87,0,FALSE,TRUE
8/8/2019,1387,63.82935484,59.2,69.1,1008.193548,93.48387097,8.998709677,0,18.94,0,FALSE,TRUE
8/9/2019,2681,66.2028,55.38,83.68,1002.84,81.76,5.4812,3.540833333,0.5,0,FALSE,TRUE
8/10/2019,2099,63.47875,52.32,74.68,1004.666667,77.79166667,7.392083333,11.04761905,1.77,0,FALSE,TRUE
8/11/2019,2070,62.17125,47.61,75.07,1009.291667,71.29166667,11.12625,13.9573913,0,0,FALSE,TRUE
8/12/2019,2072,67.60666667,53.29,84.69,1010.75,69.33333333,8.6825,0,0,0,FALSE,TRUE
8/13/2019,1947,66.76208333,58.6,83.68,1007.541667,80.58333333,4.468333333,0,0,0,FALSE,TRUE
8/14/2019,2294,66.41,56.41,81.3,1010.791667,76.04166667,3.605833333,0,0,0,FALSE,TRUE
8/15/2019,2121,64.475,49.3,81.68,1016.125,73.16666667,3.404166667,0,0,0,FALSE,TRUE
8/16/2019,1868,61.425,50.31,75.69,1019.333333,82.29166667,2.665416667,0,0.51,0,FALSE,TRUE
8/17/2019,1608,59.688,56.19,69.62,1019.68,90.84,4.3312,0,1.2,0,FALSE,TRUE
8/18/2019,2096,61.93961538,57.58,77.31,1016.653846,93.38461538,3.901923077,0,15.44,0,FALSE,TRUE
8/19/2019,1594,63.92708333,56.16,81.09,1014.958333,92.29166667,4.385416667,0,6.03,0,FALSE,TRUE
8/20/2019,2643,69.94833333,58.08,84.69,1015.208333,76.16666667,5.93125,0,0,0,FALSE,TRUE
8/21/2019,1704,65.35846154,52.3,82.09,1015.730769,84.69230769,3.843076923,0,3,0,FALSE,TRUE
8/22/2019,1840,68.50777778,60.19,82.69,1009.407407,87.44444444,7.775925926,0,16.56,0,FALSE,TRUE
8/23/2019,1824,68.41166667,57.6,78.28,1011.125,74.29166667,6.47625,0,0,0,FALSE,TRUE
8/24/2019,1954,62.59,50.31,70.43,1019.041667,68.33333333,8.250833333,0,0,0,FALSE,TRUE
8/25/2019,2168,58.89166667,43.3,75.29,1027.875,72.33333333,4.399583333,0,0,0,FALSE,TRUE
8/26/2019,1616,58.5625,44.29,74.68,1025,73.54166667,3.42875,0,0,0,FALSE,TRUE
8/27/2019,1803,60.74208333,47.61,78.3,1018.833333,75.58333333,4.694166667,0,0,0,FALSE,TRUE
8/28/2019,1784,61.31875,46.29,75.29,1016,80.45833333,4.24875,0,0,0,FALSE,TRUE
8/29/2019,1276,64.6290625,59.02,73.09,1009.625,92,5.409375,0,74.6,0,FALSE,TRUE
8/30/2019,2141,65.91375,54.09,78.1,1012.333333,82.29166667,8.825,0,0,0,FALSE,TRUE
8/31/2019,2558,64.22666667,48.29,76.28,1018.416667,71.83333333,7.065416667,0,0,0,FALSE,TRUE
9/1/2019,2820,59.62666667,43.32,73.71,1026.958333,67.70833333,5.109166667,0,0,0,FALSE,FALSE
9/2/2019,1270,56.53375,43.63,68.09,1022.291667,85.41666667,3.790833333,0,0,0,TRUE,FALSE
9/3/2019,1781,61.86285714,57.04,70.9,1015.75,88.10714286,3.5125,0,7.3,0,FALSE,FALSE
9/4/2019,938,59.1336,49.32,67.3,1015.44,90.52,7.6384,0,0.94,0,FALSE,FALSE
9/5/2019,2273,61.44625,49.6,71.71,1014.875,73.25,10.38833333,0,0,0,FALSE,FALSE
9/6/2019,1552,56.37,43.3,70.72,1018.583333,73.54166667,4.36,0,0,0,FALSE,FALSE
9/7/2019,816,53.3544,48.6,57.15,1007.8,85.64,8.7576,0,43.75,0,FALSE,FALSE
9/8/2019,1999,54.56791667,45.32,66.09,1011.291667,76.54166667,8.15625,0,0,0,FALSE,FALSE
9/9/2019,1710,55.91375,38.3,69.62,1023.208333,76.08333333,6.619166667,0,0,0,FALSE,FALSE
9/10/2019,1759,56.78375,42.3,68.4,1027.916667,75.58333333,4.955416667,0,0,0,FALSE,FALSE
9/11/2019,1238,62.4262963,54.63,76.6,1018.62963,87.07407407,15.02518519,0,8.02,0,FALSE,FALSE
9/12/2019,1671,58.73333333,51.78,68.4,1019.291667,80.70833333,6.8075,0,0,0,FALSE,FALSE
9/13/2019,2053,53.78625,39.29,67.3,1030.375,68.375,4.974166667,0,0,0,FALSE,FALSE
9/14/2019,1260,52.9424,38.61,61.72,1028.2,80.52,9.878,0,0.62,0,FALSE,FALSE
9/15/2019,1968,63.66541667,56.61,73.71,1017.75,76.91666667,12.085,0,1.24,0,FALSE,FALSE
9/16/2019,1504,57.52833333,45.61,65.3,1015.166667,74.375,8.687083333,0,0.51,0,FALSE,FALSE
9/17/2019,1543,56.97708333,52,64.27,1018.125,75.66666667,6.710833333,0,0,0,FALSE,FALSE
9/18/2019,1839,52.34666667,41.61,64.29,1025.083333,71.20833333,4.540416667,0,0.28,0,FALSE,FALSE
9/19/2019,1625,50.72583333,31.3,69.71,1026.458333,72.375,3.91375,0,0,0,FALSE,FALSE
9/20/2019,1605,57.26458333,38.32,76.71,1020.166667,73.29166667,5.519166667,0,0,0,FALSE,FALSE
9/21/2019,2145,65.93416667,53.29,78.71,1019.125,64.875,8.291666667,0,0,0,FALSE,FALSE
9/22/2019,1922,61.61916667,50.09,78.62,1019.208333,82.625,5.202083333,0,0,0,FALSE,FALSE
9/23/2019,1599,66.17666667,58.19,78.39,1008.166667,84.20833333,11.5725,0,0,0,FALSE,FALSE
9/24/2019,1277,64.846,55.99,72.52,1002.88,86.72,5.8096,0,14.06,0,FALSE,FALSE
9/25/2019,2042,55.5375,49.6,63.79,1008.166667,84.875,7.009583333,0,0.76,0,FALSE,FALSE
9/26/2019,1633,57.20416667,43.32,73.09,1009.166667,85.70833333,5.301666667,0,0.15,0,FALSE,FALSE
9/27/2019,2108,58.1992,47.79,68.72,1013.36,80.12,10.4216,0,14.72,0,FALSE,FALSE
9/28/2019,2232,58.12458333,45.63,68.68,1018.625,83.79166667,7.74625,0,0,0,FALSE,FALSE
9/29/2019,2367,59.3092,48.6,63.61,1020.08,80.44,8.4344,0,1.85,0,FALSE,FALSE
9/30/2019,2182,47.57208333,35.62,60.71,1027.833333,66.79166667,6.38375,0,0,0,FALSE,FALSE
10/1/2019,1111,49.96115385,42.3,58.08,1019.423077,84.03846154,5.143846154,0,3.02,0,FALSE,FALSE
10/2/2019,1654,55.9775,45,63.72,1007.791667,84.54166667,12.38208333,0,10.66,0,FALSE,FALSE
10/3/2019,2236,43.34583333,28.31,53.71,1020.625,70.25,7.044583333,0,0,0,FALSE,FALSE
10/4/2019,1655,45.02230769,40.6,51.1,1016.192308,79.03846154,6.692692308,0,3.38,0,FALSE,FALSE
10/5/2019,2487,44.20875,31.6,58.71,1025.916667,66.45833333,10.01416667,0.700434783,0,0,FALSE,FALSE
10/6/2019,2048,47.66541667,28.29,58.68,1027.666667,76.25,8.744583333,0,0,0,FALSE,FALSE
10/7/2019,1265,58.71612903,53.08,66.22,1020.548387,89.06451613,16.25967742,0,11.3,0,FALSE,FALSE
10/8/2019,2059,55.75916667,48.51,64.71,1022.583333,84.20833333,5.58125,0,8.71,0,FALSE,FALSE
10/9/2019,2263,51.32333333,41.32,63.68,1028.833333,74.95833333,4.708333333,0,0,0,FALSE,FALSE
10/10/2019,1703,50.54625,41.31,59.29,1028.541667,73.95833333,5.460416667,0,0,0,FALSE,FALSE
10/11/2019,1813,52.70958333,45.28,64.09,1026.25,67,8.29125,0,0,0,FALSE,FALSE
10/12/2019,1701,50.53185185,46.6,56.43,1017.222222,89.18518519,7.821851852,0,6.11,0,FALSE,FALSE
10/13/2019,2653,52.97083333,46.31,64.09,1015.25,84.83333333,5.2925,0,0,0,FALSE,FALSE
10/14/2019,1984,51.5125,41.61,61.68,1016.875,90.5,3.644166667,0,0.12,0,TRUE,FALSE
10/15/2019,2381,52.4868,40.78,60.08,1016.28,73.88,6.4776,0,1.2,0,FALSE,FALSE
10/16/2019,1352,46.64458333,31.6,61.09,1018.208333,75.91666667,2.464166667,0,0,0,FALSE,FALSE
10/17/2019,1062,51.6446875,45.61,55.62,991.5625,84.625,13.2171875,0,81.38,0,FALSE,FALSE
10/18/2019,1350,47.71583333,41.29,54.09,995.25,69.95833333,13.16791667,0,1.37,0,FALSE,FALSE
10/19/2019,2252,47.78625,38.61,58.08,1010.708333,62.04166667,11.76958333,0,0,0,FALSE,FALSE
10/20/2019,1400,43.70583333,29.5,55.62,1018.541667,67.75,4.946666667,0,0,0,FALSE,FALSE
10/21/2019,1266,49.44,38.32,64.29,1019.833333,74.04166667,3.01375,0,0,0,FALSE,FALSE
10/22/2019,817,47.33833333,35.29,59.09,1022.583333,74.75,4.267916667,0,0,0,FALSE,FALSE
10/23/2019,682,53.26942857,47.62,61.09,1010.485714,84.25714286,9.658571429,0,84.52,0,FALSE,FALSE
10/24/2019,1081,50.475,35.29,60.62,1019.166667,64.20833333,13.62583333,0,0,0,FALSE,FALSE
10/25/2019,596,51.10375,42.6,57.76,1023.75,62.83333333,8.039166667,0,0.25,0,FALSE,FALSE
10/26/2019,1144,47.67208333,38.61,55.09,1022.25,75.875,5.039583333,0,7.24,0,FALSE,FALSE
10/27/2019,448,40.3792,28.29,47.5,1024.64,71.72,3.2872,0,9.31,0,FALSE,FALSE
10/28/2019,404,45.56241379,41.61,49.42,1019.275862,85.44827586,6.555172414,0,27.18,0,FALSE,FALSE
10/29/2019,348,47.3275,42.51,52.09,1028.333333,75.83333333,2.9575,0,0,0,FALSE,FALSE
10/30/2019,313,51.8737037,46.99,58.17,1026,82.37037037,3.793703704,0,0.25,0,FALSE,FALSE
10/31/2019,141,56.91236842,52,63.61,1015.815789,85.68421053,11.87947368,0,82.83,0,FALSE,FALSE
6/1/2020,242,47.35,31.32,58.42,1017.458333,50.25,11.12541667,0,0,0,FALSE,TRUE
6/2/2020,241,50.83041667,33.6,67.6,1013.833333,53.58333333,7.541666667,0,0,0,FALSE,TRUE
6/3/2020,152,53.53666667,48.51,65.43,1004.25,79.20833333,6.273333333,0,1.23,0,FALSE,TRUE
6/4/2020,343,59.10625,44.31,77.4,1006.083333,78.125,5.569583333,0,0.34,0,FALSE,TRUE
6/5/2020,322,60.87833333,52.18,78.1,1010.375,85.41666667,7.662916667,0,0.76,0,FALSE,TRUE
6/6/2020,573,57.97925926,50.56,74.61,1006.555556,92.07407407,3.675925926,0,5.82,0,FALSE,TRUE
6/7/2020,441,55.95125,50.29,66.09,1007.416667,84.375,6.92875,0,2.08,0,FALSE,TRUE
6/8/2020,407,59.85125,47.08,73.62,1010.75,60.66666667,7.058333333,0,0,0,FALSE,TRUE
6/9/2020,345,60.40375,47.61,72.68,1011.916667,58.29166667,5.679583333,0,0,0,FALSE,TRUE
6/10/2020,285,54.81875,45.32,66.09,1020.708333,67.875,6.177083333,0,0,0,FALSE,TRUE
6/11/2020,178,55.13941176,48.22,65.61,1019.147059,88.08823529,14.23235294,0,78.07,0,FALSE,TRUE
6/12/2020,585,62.48925926,51.1,78.69,1015.925926,85.25925926,9.662962963,0,2.54,0,FALSE,TRUE
6/13/2020,946,60.42333333,45.32,71.42,1018.5,67.33333333,7.937083333,0,0,0,FALSE,TRUE
6/14/2020,698,57.54333333,44.51,71.6,1028,63.95833333,5.734583333,0,0,0,FALSE,TRUE
6/15/2020,405,55.93708333,40.32,73.69,1030.458333,69.16666667,3.38625,0,0,0,FALSE,TRUE
6/16/2020,522,60.01541667,43.41,80.69,1028.833333,66.83333333,3.867916667,0,0,0,FALSE,TRUE
6/17/2020,543,60.81333333,43.32,80.1,1025.416667,69.875,3,0,0,0,FALSE,TRUE
6/18/2020,497,65.08041667,48.78,90.68,1020.416667,70.33333333,6.1775,0,0,0,FALSE,TRUE
6/19/2020,681,70.42583333,54.32,94.68,1016.291667,73.20833333,7.345416667,0,0,0,FALSE,TRUE
6/20/2020,1185,71.59666667,57.18,93.69,1014.541667,72.79166667,5.787916667,0,0,0,FALSE,TRUE
6/21/2020,877,59.517,53.19,78.62,1017.066667,90.26666667,5.880333333,0,0,0,FALSE,TRUE
6/22/2020,562,60.64333333,51.19,82.69,1016.541667,89.33333333,3.124583333,0,0,0,FALSE,TRUE
6/23/2020,583,63.09291667,55.96,77.68,1011.291667,88.45833333,3.535833333,0,0,0,FALSE,TRUE
6/24/2020,293,60.88833333,55.78,70.61,1007.541667,92,5.568333333,0,0.43,0,FALSE,TRUE
6/25/2020,766,67.1532,56.5,80.69,1010.56,77.2,6.8816,0,0.5,0,FALSE,TRUE
6/26/2020,763,65.72625,52.09,82.69,1012.666667,74.83333333,6.486666667,0,0,0,FALSE,TRUE
6/27/2020,1056,66.40625,55.27,82.69,1009.166667,77.83333333,4.609166667,0,0,0,FALSE,TRUE
6/28/2020,989,61.67583333,54.09,81.68,1007.5,86.95833333,3.4075,0,0,0,FALSE,TRUE
6/29/2020,420,59.81064516,55.18,67.6,1011.967742,93.58064516,2.674516129,0,45.58,0,FALSE,TRUE
6/30/2020,389,64.8253125,60.08,70.68,1013.375,93.625,4.44375,0,15.17,0,FALSE,TRUE
7/1/2020,770,63.72964286,56.19,73.69,1012.285714,92.60714286,3.033214286,0,4.54,0,FALSE,TRUE
7/2/2020,950,65.67875,56.08,85.08,1008.416667,87.54166667,4.568333333,0,0,0,FALSE,TRUE
7/3/2020,1452,64.3736,57.18,78.69,1011.44,82.84,5.8004,0,0,0,TRUE,TRUE
7/4/2020,1729,56.90833333,50.32,70.68,1014.333333,89.16666667,4.10875,0,0,0,FALSE,TRUE
7/5/2020,707,55.54125,52.2,63.68,1015.583333,91.875,3.35875,0,4.68,0,FALSE,TRUE
7/6/2020,1184,58.42,52.2,76.68,1017.769231,87.30769231,3.498846154,0,2.02,0,FALSE,TRUE
7/7/2020,1044,58.74333333,47.32,73.69,1022.041667,86.16666667,4.099166667,0,0,0,FALSE,TRUE
7/8/2020,395,60.12153846,54.16,68.61,1017.153846,91.57692308,9.348846154,0,7.17,0,FALSE,TRUE
7/9/2020,1345,64.07730769,55.42,85.08,1014.769231,90.11538462,6.763461538,0,27.95,0,FALSE,TRUE
7/10/2020,917,64.3,57.18,82.69,1018.16,91.2,4.3152,0,0.5,0,FALSE,TRUE
7/11/2020,834,64.60148148,58.28,74.68,1012.888889,93.74074074,7.371851852,0,9.19,0,FALSE,TRUE
7/12/2020,1281,67.53333333,60.19,85.39,1003.375,90.875,12.3925,0,0.37,0,FALSE,TRUE
7/13/2020,1127,70.66375,60.31,89.69,1006.333333,82.16666667,4.563333333,0,0.68,0,FALSE,TRUE
7/14/2020,692,65.53083333,58.08,72.68,1012.666667,87.875,5.169583333,0,1.33,0,FALSE,TRUE
7/15/2020,1411,64.26041667,57,79.09,1021.416667,72.875,7.079166667,0,0.76,0,FALSE,TRUE
7/16/2020,1356,57.65416667,44.6,72.68,1027.833333,77.16666667,4.975,0,0,0,FALSE,TRUE
7/17/2020,719,57.03615385,49.32,64.62,1023.115385,84.76923077,4.995384615,0,8.4,0,FALSE,TRUE
7/18/2020,1760,64.23,57.04,86.09,1015.730769,88.57692308,6.44,0,0.96,0,FALSE,TRUE
7/19/2020,1531,69.06125,59.32,83.61,1012.208333,82.58333333,3.864583333,0,0,0,FALSE,TRUE
7/20/2020,1229,72.84375,61.2,93.09,1007.041667,80.41666667,8.530833333,0,0.27,0,FALSE,TRUE
7/21/2020,1739,73.54375,61.32,86.09,1011.458333,73.79166667,4.983333333,0,0,0,FALSE,TRUE
7/22/2020,1149,67.795,55.31,82.09,1017.875,68.54166667,3.617083333,0,0,0,FALSE,TRUE
7/23/2020,839,64.61642857,59.2,79.68,1015.5,88.32142857,3.111785714,0,7.06,0,FALSE,TRUE
7/24/2020,1852,70.5964,60.08,86.68,1016,78.12,4.9284,0,6.36,0,FALSE,TRUE
7/25/2020,1902,72.17958333,57.31,90.68,1016.583333,70.75,6.01125,0,0,0,FALSE,TRUE
7/26/2020,1446,72.37208333,62.19,84.38,1010.666667,71.04166667,7.365416667,0,0,0,FALSE,TRUE
7/27/2020,1249,75.42958333,63.09,88.68,1004.833333,79.70833333,7.632916667,0,1.85,0,FALSE,TRUE
7/28/2020,1517,76.3352,64.08,92.68,1004,76.84,5.3904,0,0,0,FALSE,TRUE
7/29/2020,1629,74.195,58.6,90.68,1009.791667,71.45833333,4.779583333,0,0,0,FALSE,TRUE
7/30/2020,1334,71.10833333,59.79,89.69,1009.25,76.75,5.200416667,0,0,0,FALSE,TRUE
7/31/2020,1654,69.88708333,57.31,84.69,1008.666667,76.83333333,4.527916667,0,0,0,FALSE,TRUE
8/1/2020,1947,70.84041667,57.6,87.69,1011.541667,72.83333333,4.35875,0,0,0,FALSE,TRUE
8/2/2020,1662,69.35875,56.32,87.1,1015.791667,81.20833333,6.487916667,0,0,0,FALSE,TRUE
8/3/2020,1579,72.916,63.16,88.09,1012.24,81.68,14.56,0,6.04,0,FALSE,TRUE
8/4/2020,1321,69.69291667,58.6,79.68,1018.208333,73.625,5.65,0,0,0,FALSE,TRUE
8/5/2020,1520,70.90458333,61.16,83.39,1013.208333,82.45833333,11.18291667,0,9.27,0,FALSE,TRUE
8/6/2020,1832,69.19458333,54.79,81.68,1016.333333,70.16666667,8.19375,0,0,0,FALSE,TRUE
8/7/2020,1721,67.13125,52.39,82.69,1021.083333,69.16666667,4.8375,0,0,0,FALSE,TRUE
8/8/2020,1900,67.335,53.31,82.69,1020.875,71.04166667,3.485416667,0,0.11,0,FALSE,TRUE
8/9/2020,1650,68.77291667,55.31,86.68,1017.875,75.16666667,4.840833333,0,0,0,FALSE,TRUE
8/10/2020,1680,70.785,59.92,85.68,1015.583333,84.125,5.63125,0,0,0,FALSE,TRUE
8/11/2020,2086,69.73708333,59.92,90.09,1013.791667,84.45833333,4.617916667,0,0,0,FALSE,TRUE
8/12/2020,1770,73.39875,63.19,88.68,1013.666667,84.33333333,8.48625,0,0,0,FALSE,TRUE
8/13/2020,1827,73.47208333,57.31,88.68,1017.708333,72.45833333,4.68625,0,0,0,FALSE,TRUE
8/14/2020,1828,73.01833333,60.31,86.61,1017.666667,64.45833333,4.679166667,0,0,0,FALSE,TRUE
8/15/2020,2119,68.08916667,61.79,79.68,1019.333333,68.83333333,5.737916667,0,0,0,FALSE,TRUE
8/16/2020,1709,64.04208333,53.31,74.68,1019.791667,77.54166667,3.132916667,0,0,0,FALSE,TRUE
8/17/2020,1792,63.935,57.51,76.68,1013.541667,75.66666667,3.775833333,0,2.54,0,FALSE,TRUE
8/18/2020,1710,61.6884,52.32,72.61,1009,87,4.3052,0,8.86,0,FALSE,TRUE
8/19/2020,2264,63.64125,50.61,76.68,1010.916667,76.58333333,5.971666667,0,0.25,0,FALSE,TRUE
8/20/2020,2091,62.26375,47.32,75.6,1014.208333,71.91666667,8.89625,0,0.25,0,FALSE,TRUE
8/21/2020,1619,64.54208333,52.32,79.39,1011.958333,79.66666667,5.303333333,0,0,0,FALSE,TRUE
8/22/2020,2137,65.43583333,52.32,78.69,1012.583333,78.95833333,3.82125,0,7.11,0,FALSE,TRUE
8/23/2020,1596,63.01041667,52.32,81.68,1016.416667,84.5,3.194166667,0,0,0,FALSE,TRUE
8/24/2020,1520,65.79875,59.09,84.69,1015.416667,87.125,2.7725,0,0,0,FALSE,TRUE
8/25/2020,1237,66.51384615,60.1,82.69,1006.192308,90.11538462,5.596153846,0,12.43,0,FALSE,TRUE
8/26/2020,2497,61.69333333,53.4,70.09,1005.166667,63.45833333,14.16833333,0,0.25,0,FALSE,TRUE
8/27/2020,1816,58.15291667,46.78,68.09,1005.208333,50.66666667,12.71,0,0,0,FALSE,TRUE
8/28/2020,2002,59.96833333,42.6,77.79,1005.833333,64.04166667,8.421666667,0,0,0,FALSE,TRUE
8/29/2020,981,57.74857143,47.32,66.07,1005.392857,85.78571429,5.122857143,0,86.07,0,FALSE,TRUE
8/30/2020,1928,62.24041667,57.4,69.28,996.4166667,79.33333333,12.22333333,0,0.5,0,FALSE,TRUE
8/31/2020,1624,57.615,45.32,71.31,1014.958333,63.91666667,9.032083333,0,0,0,FALSE,TRUE
5/1/2021,743,46.65458333,38.79,56.5,996.875,72.04166667,14.37125,17.29166667,1.84,0,FALSE,FALSE
5/2/2021,621,49.80666667,37.38,66.31,1003.125,55.04166667,10.28333333,10,0,0,FALSE,FALSE
5/3/2021,339,51.76458333,42.69,61.09,1009.875,41.75,10.42833333,9.75,0,0,FALSE,FALSE
5/4/2021,366,48.72833333,40.51,59.68,1011.666667,60.29166667,4.254583333,5.529411765,0,0,FALSE,FALSE
5/5/2021,186,44.67142857,41.09,53.08,1009.642857,79.85714286,4.366071429,6.605357143,14.79,0,FALSE,FALSE
5/6/2021,456,45.5808,39,56.61,1005.4,82.44,8.9928,10.8376,10.75,0,FALSE,FALSE
5/7/2021,635,46.50375,29.61,62.69,1014.416667,61.29166667,7.917916667,10.95583333,0,0,FALSE,FALSE
5/8/2021,618,42.95625,32.52,51.62,1011.333333,72.83333333,9.16,7.667083333,1.44,0,FALSE,FALSE
5/9/2021,914,50.35458333,37.51,65.68,1008.25,56.25,11.31,13.41708333,0,0,FALSE,FALSE
5/10/2021,450,50.41041667,39.51,64.69,1009.791667,71.16666667,5.875,5.334761905,0.33,0,FALSE,FALSE
5/11/2021,396,48.8956,44.42,58.68,1010.64,81.08,6.8896,10.66904762,5.24,0,FALSE,FALSE
5/12/2021,545,48.45625,37.38,61.52,1012.125,72.33333333,10.97333333,14.41666667,4.47,0,FALSE,FALSE
5/13/2021,763,51.77666667,32.52,68.52,1018.541667,63.33333333,4.247083333,2.45875,0,0,FALSE,FALSE
5/14/2021,936,56.135,38.52,71.69,1017.875,56.75,8.30625,6.18625,2.11,0,FALSE,FALSE
5/15/2021,1236,53.99166667,38.61,73.08,1021.25,59.58333333,7.577083333,6.553333333,0,0,FALSE,FALSE
5/16/2021,825,53.27083333,40.78,75.69,1022.375,74.45833333,5.225833333,5.665,0,0,FALSE,FALSE
5/17/2021,900,55.02041667,43.52,73.08,1024.333333,76.70833333,5.57375,5.775555556,0,0,FALSE,FALSE
5/18/2021,761,56.74375,41.61,75.07,1021.375,72.29166667,6.1525,5.488888889,0,0,FALSE,FALSE
5/19/2021,950,58.83041667,45.09,75.6,1023.333333,52.79166667,6.379583333,12.03666667,0,0,FALSE,FALSE
5/20/2021,1030,52.01625,40.6,70.09,1032.166667,76.91666667,4.884166667,7.903333333,0,0,FALSE,FALSE
5/21/2021,1111,53.91875,46.08,73.09,1031.583333,81.66666667,7.25625,6.978666667,0,0,FALSE,FALSE
5/22/2021,1101,54.99625,49.08,67.6,1021.833333,85.125,8.2675,5.960909091,1.4,0,FALSE,FALSE
5/23/2021,1078,60.70291667,49.08,79.68,1008.875,81.41666667,7.23625,18.197,2.68,0,FALSE,FALSE
5/24/2021,1292,51.66916667,37.6,62.1,1022.458333,57.58333333,7.161666667,11.65086957,0,0,FALSE,FALSE
5/25/2021,1080,54.09625,46.6,69.1,1019.833333,70.5,19.29,29.20791667,10.92,0,FALSE,FALSE
5/26/2021,688,61.25291667,51.19,85.08,1011.75,76.75,10.76875,9.523333333,0,0,FALSE,FALSE
5/27/2021,663,65.89083333,57.27,74.61,1007.541667,69.33333333,9.30625,19.78363636,0,0,FALSE,FALSE
5/28/2021,843,50.87666667,41.43,60.51,1017.541667,42.75,9,12.95833333,0,0,FALSE,FALSE
5/29/2021,1227,46.1975,41,52.68,1021.125,72.875,4.685833333,7.770454545,6.15,0,FALSE,FALSE
5/30/2021,1209,46.35461538,38.08,55.08,1026.846154,77.5,5.651153846,8.397083333,10.29,0,FALSE,FALSE
5/31/2021,553,50.54085714,45.55,58.68,1021.228571,93.02857143,5.024285714,7.846666667,45.51,0,TRUE,FALSE
6/1/2021,947,58.1416,46,76.68,1017.88,78.92,9.37,14.01470588,0.25,0,FALSE,TRUE
6/2/2021,865,61.95958333,46.78,81.68,1020.791667,66.33333333,6.7625,20.71,0,0,FALSE,TRUE
6/3/2021,507,57.27083333,50.29,70.68,1019.208333,82.5,9.57375,13.6225,0.94,0,FALSE,TRUE
6/4/2021,656,61.2132,52.2,78.08,1010.28,93,9.0996,28.01,0.33,0,FALSE,TRUE
6/5/2021,870,63.60166667,49.51,84.38,1008.708333,81.375,8.400833333,13.855,0,0,FALSE,TRUE
6/6/2021,793,68.9825,59.2,85.68,1011.375,76.08333333,7.289583333,18.41,0.27,0,FALSE,TRUE
6/7/2021,950,70.73875,55.08,92.68,1014.5,70.75,7.82,7,0,0,FALSE,TRUE
6/8/2021,873,72.45333333,56.08,89.69,1012.791667,74.5,7.24,16.11,0.18,0,FALSE,TRUE
6/9/2021,936,72.734,58.33,84.69,1012.04,71,7.4444,13.09181818,98.77,0,FALSE,TRUE
6/10/2021,1038,62.77208333,54.61,74.68,1016.333333,44.33333333,8.017083333,13.702,0,0,FALSE,TRUE
6/11/2021,819,53.28291667,42.51,60.51,1018.833333,72.45833333,4.209166667,7.952380952,0,0,FALSE,TRUE
6/12/2021,997,56.57958333,43.61,74.68,1012,80.125,6.655416667,6.554444444,0,0,FALSE,TRUE
6/13/2021,948,62.44416667,48.07,81.68,1010.083333,73,7.245,9.573333333,0,0,FALSE,TRUE
6/14/2021,980,60.53291667,50.52,71.69,1013.625,78,9.3725,15.73222222,0,0,FALSE,TRUE
6/15/2021,697,58.72769231,54,70.68,1009.461538,90.34615385,4.664230769,8.334761905,12.51,0,FALSE,TRUE
6/16/2021,1314,62.46416667,55.08,72.79,1004.416667,71.29166667,9.195416667,13.95380952,0,0,FALSE,TRUE
6/17/2021,1290,61.39458333,44.6,74.68,1010,56.875,7.352916667,14.464,0,0,FALSE,TRUE
6/18/2021,1144,62.56708333,46.6,80.08,1013.791667,67.75,6.724583333,4.0025,0,0,FALSE,TRUE
6/19/2021,915,62.27958333,55.08,76.68,1006.708333,81.20833333,11.38208333,21.14333333,1,0,FALSE,TRUE
6/20/2021,1235,67.28833333,52.61,84.69,1005.083333,74.70833333,6.749166667,14.254,0,0,FALSE,TRUE
6/21/2021,1190,64.57791667,53.51,81.09,1007.416667,82.75,7.285416667,21.73142857,0.45,0,FALSE,TRUE
6/22/2021,846,65.07,58.08,79.68,1003.28,90.96,10.836,20.75416667,2.78,0,FALSE,TRUE
6/23/2021,1351,59.96307692,49.78,71.51,1012.615385,73,9.749615385,15.30434783,22.41,0,FALSE,TRUE
6/24/2021,1341,60.20666667,43.61,75.69,1028.666667,71.70833333,5.314583333,10.73428571,0,0,FALSE,TRUE
6/25/2021,917,56.39076923,46.51,63.61,1029.038462,89.65384615,4.625769231,6.775,14.71,0,FALSE,TRUE
6/26/2021,1085,62.61208333,57.07,75.38,1024.083333,91.5,11.51583333,12.33083333,0.48,0,FALSE,TRUE
6/27/2021,1165,68.98041667,61.09,83.39,1018.75,89.41666667,23.41083333,28.245,1.27,0,FALSE,TRUE
6/28/2021,1290,72.325,61.09,90.68,1017.083333,86.83333333,19.80791667,,0,0,FALSE,TRUE
6/29/2021,1370,76.54875,60.96,92.68,1017.583333,83.5,11.32458333,8.99,0,0,FALSE,TRUE
6/30/2021,1167,74.545,60.51,90.09,1012.875,84.29166667,10.48708333,,0,0,FALSE,TRUE
7/1/2021,1319,70.44708333,62.19,78.8,1008.583333,80.95833333,11.94708333,10.00375,0,0,FALSE,TRUE
7/2/2021,915,58.12875,52,72.09,1012.5,85.375,6.805833333,9.728636364,15.93,0,FALSE,TRUE
7/3/2021,1308,56.29541667,52.39,60.42,1012.291667,82.95833333,6.80625,9.260434783,1.76,0,FALSE,TRUE
7/4/2021,1007,54.32137931,51.01,59.43,1010.206897,91.24137931,6.446551724,9.516896552,46.61,0,FALSE,TRUE
7/5/2021,1407,58.53166667,44.51,77.68,1016.666667,78.20833333,9.167083333,11.4145,0.51,0,TRUE,TRUE
7/6/2021,1370,63.89541667,54.61,81.68,1012.5,87.70833333,7.696666667,9.857142857,0,0,FALSE,TRUE
7/7/2021,1503,69.30208333,59.09,81.43,1010,73.66666667,5.762083333,12.275,0,0,FALSE,TRUE
7/8/2021,1369,62.72583333,55.51,70.9,1019.166667,64.875,5.0175,8.285714286,5.1,0,FALSE,TRUE
7/9/2021,807,60.81780488,54.09,70.09,1014.195122,93.3902439,5.609512195,10.0325,81.07,0,FALSE,TRUE
7/10/2021,1436,66.24346154,57.99,80.69,1011.461538,80.53846154,7.581923077,11.09045455,19.93,0,FALSE,TRUE
7/11/2021,1288,65.04833333,50.4,83.68,1018.166667,78,4.713333333,3.995714286,0,0,FALSE,TRUE
7/12/2021,1368,66.53125,60.08,81.09,1021.5,80.75,4.864583333,7.6275,0,0,FALSE,TRUE
7/13/2021,1461,61.56583333,51.51,75.69,1027.125,80,3.589583333,7.06,0,0,FALSE,TRUE
7/14/2021,937,60.57461538,56.19,67.08,1024.346154,83.57692308,4.961153846,8.844230769,1.31,0,FALSE,TRUE
7/15/2021,1299,65.19807692,58.19,83.08,1019.269231,91.46153846,3.821923077,5.943333333,1,0,FALSE,TRUE
7/16/2021,1359,67.13833333,57.07,86.09,1014.25,90.625,6.34625,4.574285714,1.16,0,FALSE,TRUE
7/17/2021,1290,67.31333333,57.7,77.09,1018.291667,83.83333333,1.99125,3.255,0,0,FALSE,TRUE
7/18/2021,846,62.89428571,58.08,69.69,1018.5,89,2.679285714,4.578947368,39.06,0,FALSE,TRUE
7/19/2021,1227,63.66615385,57.07,72.09,1014.653846,91.61538462,2.193846154,3.411764706,3.54,0,FALSE,TRUE
7/20/2021,1448,68.1848,57.18,85.68,1010.44,87.6,3.952,5.26625,12.2,0,FALSE,TRUE
7/21/2021,1157,65.61833333,57.07,78.69,1010.375,89.20833333,3.213333333,6.0825,0,0,FALSE,TRUE
7/22/2021,1458,63.308,55.99,76.08,1013.08,81.2,7.4188,11.63,0.71,0,FALSE,TRUE
7/23/2021,1453,63.07,50.61,78.1,1017.166667,78.33333333,3.625,6.716428571,0.84,0,FALSE,TRUE
7/24/2021,1413,63.775,50.61,83.08,1018.75,78.29166667,4.087083333,4.663333333,0,0,FALSE,TRUE
7/25/2021,921,60.74275862,51.51,69.1,1014.931034,88.4137931,8.351034483,15.16458333,9.89,0,FALSE,TRUE
7/26/2021,1319,64.39125,57.18,82.09,1010.375,91.375,4.495416667,5.144285714,0,0,FALSE,TRUE
7/27/2021,1450,68.86416667,57.07,83.08,1011,76.25,5.173333333,10.71571429,0,0,FALSE,TRUE
7/28/2021,1474,65.18791667,54.61,76.8,1014.458333,67.66666667,5.425416667,8.4985,8.42,0,FALSE,TRUE
7/29/2021,1334,60.94208333,45.52,78.1,1015.208333,71.54166667,4.907916667,15.3725,0,0,FALSE,TRUE
7/30/2021,1116,61.2576,55.51,73.8,1005.16,86.04,9.5476,15.47952381,25,0,FALSE,TRUE
7/31/2021,1460,61.08541667,50.29,74.08,1008.166667,67.66666667,11.15875,16.27722222,0.25,0,FALSE,TRUE
8/1/2021,1296,62.70916667,49.51,77.09,1012.875,71,5.845,7.5,0,0,FALSE,TRUE
8/2/2021,1237,60.4336,54.61,69.51,1011.32,82.8,3.5956,6.381428571,0.39,0,FALSE,TRUE
8/3/2021,1401,63.18333333,49.6,78.1,1017.375,76.66666667,6.78375,14.14285714,0,0,FALSE,TRUE
8/4/2021,1368,65.20708333,54.61,81.68,1020.625,80.58333333,5.47875,4.2525,0,0,FALSE,TRUE
8/5/2021,954,62.305,58.08,67.42,1021.4375,91.90625,5.255,8.608214286,80.72,0,FALSE,TRUE
8/6/2021,1656,66.98344828,61.09,83.08,1018.344828,89.75862069,7.555172414,11.99631579,10.22,0,FALSE,TRUE
8/7/2021,1339,67.20291667,57.27,86.09,1016.916667,85.20833333,5.725416667,3.998571429,0,0,FALSE,TRUE
8/8/2021,1274,69.28083333,61.09,82.29,1017.375,86.58333333,4.225416667,4.431428571,0,0,FALSE,TRUE
8/9/2021,1389,65.38,60.08,80.1,1024,80.20833333,4.148333333,7.352941176,0,0,FALSE,TRUE
8/10/2021,1421,63.77307692,59.09,77.09,1022.769231,90.73076923,3.037692308,5.041153846,2.02,0,FALSE,TRUE
8/11/2021,1084,63.57708333,59.09,72.09,1017.958333,93.125,3.004583333,4.776666667,0,0,FALSE,TRUE
8/12/2021,1458,67.978,59.2,91.09,1013.8,89.6,3.3752,3.784285714,0.5,0,FALSE,TRUE
8/13/2021,1473,73.23458333,60.08,93.09,1014.291667,81.83333333,4.159166667,4.50375,0,0,FALSE,TRUE
8/14/2021,1253,70.60166667,60.28,89.1,1015.166667,85.41666667,4.595416667,7.180666667,0,0,FALSE,TRUE
8/15/2021,1363,67.71416667,53.6,79.09,1018.916667,71,6.27,11.93,0,0,FALSE,TRUE
8/16/2021,1402,63.8275,47.52,79.81,1022.708333,67.29166667,4.795,7.352,0,0,FALSE,TRUE
8/17/2021,1372,64.94166667,52.61,82.09,1022.25,80.75,5.3525,6.408,0,0,FALSE,TRUE
8/18/2021,1338,66.97583333,60.51,80.1,1022.041667,88,7.91625,9.912,4.37,0,FALSE,TRUE
8/19/2021,1247,68.59291667,61.09,83.08,1018.083333,90.25,4.540416667,4.14,2.78,0,FALSE,TRUE
8/20/2021,1327,70.23166667,63.41,87.1,1011.133333,90.46666667,3.861666667,5.197333333,22.46,0,FALSE,TRUE
8/21/2021,1271,68.87833333,60.08,78.08,1015.25,89.79166667,3.183333333,6.788571429,0,0,FALSE,TRUE
8/22/2021,1208,64.56103448,59.09,73.08,1017.931034,91.48275862,4.254137931,6.784642857,3.42,0,FALSE,TRUE
8/23/2021,704,65.61,61.09,78.1,1015.628571,92.91428571,3.616285714,5.655384615,58.9,0,FALSE,TRUE
8/24/2021,1186,70.17074074,61.2,87.1,1010.814815,90.81481481,5.408888889,7.373125,12.43,0,FALSE,TRUE
8/25/2021,1436,72.91541667,61.09,93.09,1015.875,84.25,4.669166667,5.99,0,0,FALSE,TRUE
8/26/2021,1379,71.19875,60.08,94.08,1017.541667,80,4.674583333,3.427142857,0,0,FALSE,TRUE
8/27/2021,1380,72.22666667,62.08,83.8,1016.958333,72.08333333,5.911666667,11.75333333,0,0,FALSE,TRUE
8/28/2021,1275,61.44125,46.78,71.1,1026.833333,64.58333333,4.099166667,5.816363636,0,0,FALSE,TRUE
8/29/2021,1010,59.41791667,53.01,66.07,1025.166667,75.54166667,4.749583333,7.825217391,0.51,0,FALSE,TRUE
8/30/2021,892,65.44958333,59,79.09,1012.708333,87.79166667,8.07375,11.466,0,0,FALSE,TRUE
8/31/2021,1430,69.29958333,57.07,85.08,1005.125,82.79166667,5.406666667,8,0,0,FALSE,TRUE
9/1/2021,1248,65.06833333,52.52,74.8,1007.666667,74.45833333,4.3925,9.5825,0,0,FALSE,FALSE
9/2/2021,685,58.56096774,55,66.07,1007.193548,87.77419355,9.67,14.82275862,99.73,0,FALSE,FALSE
9/3/2021,1224,59.17916667,51.51,69.51,1010.333333,78.125,10.74166667,15.91045455,2.13,0,FALSE,FALSE
9/4/2021,1306,59.23666667,49.6,72.81,1011.458333,73.16666667,7.859166667,11.25333333,1.43,0,FALSE,FALSE
9/5/2021,1219,56.62875,45.61,67.08,1013.583333,81.58333333,4.2725,6.408636364,0,0,FALSE,FALSE
9/6/2021,1258,62.46931034,59.09,71.62,1007.586207,90.31034483,7.487586207,12.00076923,9.14,0,TRUE,FALSE
9/7/2021,1395,61.9525,49.8,75.79,1009.166667,78.5,9.517916667,15.94666667,0,0,FALSE,FALSE
9/8/2021,1344,62.51416667,49.6,76.08,1013.583333,81.875,7.337083333,14.185,0,0,FALSE,FALSE
9/9/2021,708,64.1352,60.08,69.8,1011,86.56,12.7776,21.05047619,8.39,0,FALSE,FALSE
9/10/2021,1211,62.72121212,58.08,71.8,1005.848485,90.45454545,6.393939394,9.243333333,181.95,0,FALSE,FALSE
9/11/2021,1335,59.65083333,47.61,73.8,1015.041667,71.33333333,11.58625,16.29791667,0,0,FALSE,FALSE
9/12/2021,1120,63.03333333,52.39,75.09,1014.875,83.54166667,12.38458333,25.92,1.27,0,FALSE,FALSE
9/13/2021,1283,63.19583333,54.52,71.8,1012.833333,74.625,5.97625,14.18090909,0,0,FALSE,FALSE
9/14/2021,1317,57.97125,45.52,69.51,1017.916667,70.25,5.750416667,8.4175,0,0,FALSE,FALSE
9/15/2021,702,60.40541667,49.78,69.51,1016.583333,86.91666667,10.95208333,18.05166667,0.89,0,FALSE,FALSE
9/16/2021,1250,63.5288,56.52,71.51,1021.68,82.56,3.6004,6.785714286,0.26,0,FALSE,FALSE
9/17/2021,1237,58.87833333,46.6,75.69,1028,80.58333333,3.358333333,5.4985,0,0,FALSE,FALSE
9/18/2021,980,63.3925,57.18,80.69,1019.25,89.75,3.362083333,5.175882353,0,0,FALSE,FALSE
9/19/2021,1255,61.28583333,50.09,69.8,1017.958333,70.04166667,8.071666667,11.82782609,0.77,0,FALSE,FALSE
9/20/2021,1308,55.80791667,41.61,68.68,1027.041667,72.16666667,4.042083333,5.668333333,0,0,FALSE,FALSE
9/21/2021,1321,57.37416667,45.7,69.69,1030.833333,84.875,4.374166667,7.416666667,0,0,FALSE,FALSE
9/22/2021,1372,63.0828,57.09,74.68,1025.4,84.04,9.278,14.678,0,0,FALSE,FALSE
9/23/2021,1271,64.18166667,55.38,76.68,1022.333333,87.04166667,5.469583333,11.555,0,0,FALSE,FALSE
9/24/2021,1044,65.41541667,60.19,74.61,1021.958333,89.66666667,6.917083333,12.125,1.27,0,FALSE,FALSE
9/25/2021,1029,64.8015625,61.09,70.68,1017.4375,93.03125,6.984375,11.96533333,23.57,0,FALSE,FALSE
9/26/2021,1047,63.05148148,56.08,67.3,1008.296296,91.2962963,6.222592593,9.372222222,56.63,0,FALSE,FALSE
9/27/2021,1387,57.46583333,45.61,69.39,1009.666667,75.70833333,11.00416667,16.40863636,0,0,FALSE,FALSE
9/28/2021,1250,59.64791667,52.61,65.39,1008.833333,84.33333333,3.7575,8.098,1.44,0,FALSE,FALSE
9/29/2021,1338,55.50916667,43.52,64.08,1011.416667,69.875,5.262083333,7.52173913,0,0,FALSE,FALSE
9/30/2021,1213,52.2925,45.52,61.68,1014.666667,78.66666667,4.384583333,6.047272727,1.25,0,FALSE,FALSE
10/1/2021,1120,50.23458333,40.6,58.55,1017.791667,79.875,7.41875,10.7015,0,0,FALSE,FALSE
10/2/2021,1081,53.31416667,43.52,61.81,1018.375,73.95833333,6.329166667,8.832916667,0,0,FALSE,FALSE
10/3/2021,1167,53.25666667,46.09,62.69,1016.833333,77,2.773333333,3.880588235,0,0,FALSE,FALSE
10/4/2021,1174,51.4175,39.6,63.52,1020,79.20833333,3.392083333,4.1005,0,0,FALSE,FALSE
10/5/2021,1214,52.85375,40.51,68.09,1024.5,77.70833333,2.942083333,4.55,0,0,FALSE,FALSE
10/6/2021,1200,55.26083333,40.3,73.69,1026.75,78.95833333,3.83625,5.315,0,0,FALSE,FALSE
10/7/2021,1149,57.22166667,43.9,75.69,1024.75,78.16666667,2.94375,4.832222222,0,0,FALSE,FALSE
10/8/2021,1150,55.63,45.61,67.08,1021.958333,81.33333333,4.844166667,9.06375,0,0,FALSE,FALSE
10/9/2021,1065,49.59333333,35.6,59.68,1028.916667,75.45833333,4.87875,7.525714286,0,0,FALSE,FALSE
10/10/2021,1015,50.41083333,38.5,60.08,1028,86.29166667,3.495,5.211578947,0,0,FALSE,FALSE
10/11/2021,1144,55.69166667,42.51,70.68,1022.333333,83.5,3.441666667,5.524761905,0,0,TRUE,FALSE
10/12/2021,1123,58.96541667,47.5,78.69,1019,84.79166667,2.937083333,4.5,0,0,FALSE,FALSE
10/13/2021,1172,60.46666667,51.08,75.69,1015.791667,84.5,2.682083333,2.86,0,0,FALSE,FALSE
10/14/2021,1135,60.075,49.3,73.42,1011.958333,84.04166667,7.380833333,9.468,0,0,FALSE,FALSE
10/15/2021,1068,56.24458333,53.51,60.69,1014.25,87.125,2.809166667,4.679545455,0,0,FALSE,FALSE
10/16/2021,1372,58.33642857,54.55,63.09,1011.071429,91.35714286,8.488571429,14.38461538,10.11,0,FALSE,FALSE
10/17/2021,1414,58.26586207,52.09,64.62,1002.206897,88.5862069,8.95,13.77333333,41.25,0,FALSE,FALSE
10/18/2021,1519,50.53458333,40.51,59.81,1003.125,73.41666667,10.06875,14.45545455,0,0,FALSE,FALSE
10/19/2021,1319,46.87916667,37.8,53.28,1004.708333,70.16666667,11.3825,16.8426087,0,0,FALSE,FALSE
10/20/2021,1927,47.14833333,39.78,57.79,1009.208333,73.25,7.180833333,10.13043478,0.5,0,FALSE,FALSE
10/21/2021,1294,52.2925,38.5,65.08,1014.666667,82.29166667,3.7625,6.275,0,0,FALSE,FALSE
10/22/2021,1961,57.95692308,49.51,68.81,1009.538462,89.26923077,9.373846154,14.6,3.29,0,FALSE,FALSE
10/23/2021,1651,49.81125,41.79,60.39,1012,78.375,6.1925,8.81047619,0,0,FALSE,FALSE
10/24/2021,2495,44.00833333,33.51,53.8,1013.833333,64.625,10.76125,15.88083333,0,0,FALSE,FALSE
10/25/2021,699,43.87666667,33.6,49.19,1020.666667,72.20833333,6.346666667,10.28380952,3.04,0,FALSE,FALSE
10/26/2021,596,47.69291667,42.4,53.15,1014,82.79166667,6.372083333,9.70875,11.31,0,FALSE,FALSE
10/27/2021,591,47.4268,43.41,52.61,1006.52,82.48,15.8788,24.2788,16.49,0,FALSE,FALSE
10/28/2021,1551,47.63458333,40.08,54.81,1012.625,68.04166667,14.5025,21.00041667,0.25,0,FALSE,FALSE
10/29/2021,1519,44.89291667,33.6,56.43,1015.333333,74,6.156666667,8.826086957,0,0,FALSE,FALSE
10/30/2021,1033,47.885,38.08,56.39,1015.291667,82.58333333,5.248333333,9.031111111,1.06,0,FALSE,FALSE
10/31/2021,535,54.65939394,48.6,60.62,1003.121212,89.27272727,11.58121212,19.93875,142,0,FALSE,FALSE
